user_id,score,categoria,n_depositos,total,dias_activos,semanas_activas,recencia_dias,n_oinks,c_ahorro,c_frecuencia,c_constancia,c_recencia
b88c1107-1d71-4782-bcc9-285877d89b1a,99.94,Excelente,44,3777650.0,42,13,0,1,99.88,99.94,100.0,100.0
2e31bffe-ea66-44ec-8647-56d0fbab0516,99.7,Excelente,27,1605750.0,23,13,0,1,99.34,99.73,100.0,100.0
47e76d57-09d3-4ea4-8531-9b839d83069e,98.9,Excelente,61,505900.0,48,14,0,1,96.86,100.0,100.0,100.0
db6edde4-649f-4415-9db7-d56583b69125,97.98,Excelente,11,1009900.0,7,6,1,1,98.85,95.5,100.0,96.72
e482077a-8b15-4f9b-aafe-8112608eb7ff,97.4,Excelente,12,359600.0,10,6,0,1,94.26,97.64,100.0,100.0
f86064c6-86d0-41ec-9262-d227de89e0ee,94.55,Excelente,17,198950.0,16,5,3,1,89.13,99.12,100.0,90.48
0c85e0ef-1ebe-4cf6-a186-736c710399e8,94.42,Excelente,20,210400.0,20,12,0,1,89.92,99.49,92.31,100.0
2b9d276a-54e5-4837-ab8d-cd7ec0e89ea5,94.17,Excelente,23,126350.0,20,5,0,1,83.7,99.49,100.0,100.0
a4b9e2b6-dfea-41ed-b666-beef1d7a2b2c,92.93,Excelente,15,97800.0,13,5,0,1,80.77,98.64,100.0,100.0
970cb0ff-1243-4066-8eae-22174f1a5e1d,92.74,Excelente,22,99400.0,22,6,1,1,80.92,99.64,100.0,96.72
bc8159db-96bc-440a-8bde-409a78884bd0,91.37,Excelente,11,93450.0,7,4,1,1,79.95,95.5,100.0,96.72
b99b3b89-8d45-4656-a950-c85f202897b1,91.19,Excelente,25,122200.0,23,12,2,1,83.27,99.73,92.31,93.55
9fe4047c-e718-4da6-8fd5-080f46fc2e2f,91.1,Excelente,15,1834050.0,10,3,4,1,99.46,97.64,75.0,87.52
5a3a917f-6b6e-46d4-bffc-f08afc0d7342,90.74,Excelente,10,1059900.0,8,7,1,1,98.91,96.44,70.0,96.72
1aff40dc-fa88-43ee-8b57-6aafd27573ea,90.42,Excelente,10,2017300.0,8,6,12,1,99.52,96.44,85.71,67.03
8f64a145-013a-4d76-85f5-9a0c6aaf3ee2,90.04,Excelente,37,53600.0,35,11,0,1,71.62,99.88,100.0,100.0
cd87fff2-d242-4f11-905a-4b7edd16de2a,89.13,Excelente,3,916200.0,3,3,0,1,98.79,83.21,75.0,100.0
c82a388c-b06b-4bd4-882c-faa5d776d325,89.08,Excelente,23,78350.0,16,9,0,1,76.57,99.12,90.0,100.0
2df8831e-a37a-4ba7-b8f0-ec7c313d68af,88.81,Excelente,39,7032500.0,25,7,14,1,100.0,99.82,77.78,62.71
75c9c83f-fdf1-4071-a032-ca4ab952d8b9,88.77,Excelente,16,598150.0,14,8,1,1,97.64,98.79,61.54,96.72
ab7abdb4-06c1-49b1-a82d-339d782af2c3,87.62,Excelente,16,105900.0,15,10,0,1,81.85,98.97,76.92,100.0
69cbf644-dc5b-488f-8761-697182345d12,87.34,Excelente,19,265050.0,18,10,9,1,91.91,99.31,76.92,74.08
44435a85-4d17-4a04-ab09-42da78d9ba88,87.31,Excelente,20,96700.0,18,11,4,1,80.59,99.31,84.62,87.52
e0200171-ce6d-49e5-ac14-81c8ca8172f2,87.26,Excelente,9,42200.0,9,5,1,1,67.09,97.07,100.0,96.72
094eb11b-eafd-405d-9335-5cea5c96240b,86.99,Excelente,5,52700.0,5,4,2,1,71.17,92.21,100.0,93.55
cf41d4d1-8ae4-4998-8550-ce2e07fbbaf2,86.28,Excelente,11,768750.0,9,7,2,1,98.61,97.07,53.85,93.55
d5f45a04-0383-4c85-86a1-44794c27c930,86.05,Excelente,11,487350.0,8,6,1,1,96.56,96.44,54.55,96.72
9ff294ea-dee5-408e-b6c5-5f8ab592f2d6,85.72,Excelente,5,200000.0,5,5,3,1,89.25,92.21,71.43,90.48
8401acc6-6b51-4f67-9487-db1f9dc8d946,85.6,Excelente,12,585700.0,12,7,6,1,97.58,98.31,58.33,81.87
6b1e1b2e-e021-4a5b-8132-bc46110bbca1,85.48,Excelente,12,25450.0,12,5,0,1,59.72,98.31,100.0,100.0
8a5a3d02-4512-4781-a700-1bfb1ff90f7c,85.25,Excelente,12,230200.0,10,4,15,1,90.7,97.64,80.0,60.65
a1919aa9-a877-4862-8007-aa7ec5bb48da,85.18,Excelente,10,645650.0,9,7,4,1,98.07,97.07,53.85,87.52
979ca8ad-9600-4a1f-81e9-e70c2f55cdc5,84.97,Excelente,16,110550.0,14,10,6,1,82.19,98.79,76.92,81.87
a66b0f1c-9d52-4452-988f-951912ad78db,84.95,Excelente,7,219250.0,6,4,4,1,90.4,94.05,66.67,87.52
6ca65744-fee7-4a5a-8eb7-e0593f4e6758,84.77,Excelente,8,90350.0,7,3,1,1,78.96,95.5,75.0,96.72
d685b4ca-a484-4cdd-95f4-a75f54bafd76,84.76,Excelente,12,161350.0,12,8,1,1,86.53,98.31,61.54,96.72
b709fc54-9613-4bf6-87a9-5015f8daf866,84.63,Excelente,8,34750.0,8,4,4,1,63.98,96.44,100.0,87.52
941abe10-c7ea-467b-8e0f-4357b0fa2b2f,83.44,Excelente,8,19000.0,7,4,0,1,55.89,95.5,100.0,100.0
ebf015f5-75a6-4273-a7e3-48e9f95d9f62,83.13,Excelente,21,163250.0,17,5,12,1,86.9,99.21,71.43,67.03
99510579-4faa-4e55-8d69-ff266d0d9eb3,83.01,Excelente,12,321400.0,11,8,11,1,93.54,97.95,61.54,69.3
7041f04e-6df4-4465-9258-664dc757cd91,82.73,Excelente,11,94250.0,9,7,1,1,80.13,97.07,63.64,96.72
e4c9dcb6-c486-4585-bbc1-2a48e5ecd533,81.87,Excelente,17,156500.0,11,8,7,1,86.05,97.95,61.54,79.19
d38ae321-26b9-454b-9297-7c58068b4376,81.83,Excelente,32,15300.0,19,13,3,1,52.6,99.4,100.0,90.48
640e5534-369f-43c3-b271-d3af80be37e5,81.61,Excelente,6,211950.0,6,6,0,1,90.16,94.05,46.15,100.0
6f556718-552b-4f6e-a5b2-e5f06ceb5e74,81.5,Excelente,26,2371100.0,21,8,26,1,99.76,99.58,61.54,42.04
ec47b778-4d09-499d-89de-33899d5f85cd,81.47,Excelente,6,20200.0,6,5,4,1,56.64,94.05,100.0,87.52
79c75f6d-fcb4-4987-a5c3-18a72424812b,81.45,Excelente,9,84800.0,9,8,1,1,77.96,97.07,61.54,96.72
24e2dbdd-2626-491c-b1a7-8760f05bfae1,81.26,Excelente,9,406250.0,7,6,8,1,95.41,95.5,50.0,76.59
45ee7448-b905-4010-8d59-cb32feaeb3da,80.83,Excelente,11,66750.0,11,10,9,1,74.28,97.95,76.92,74.08
6c1fa3be-afac-4d92-89d7-89637526c62d,80.55,Excelente,6,158550.0,6,6,7,1,86.17,94.05,60.0,79.19
55673f7a-b124-4714-af97-ebe79df1fbac,80.12,Excelente,7,37000.0,7,4,3,1,64.76,95.5,80.0,90.48
d98953bc-352b-4900-967f-9c2586047823,80.04,Excelente,5,372050.0,4,4,11,1,94.44,89.22,57.14,69.3
962d2523-b076-4d06-bc81-d48f99bd5304,79.9,Excelente,7,285000.0,7,5,2,1,92.51,95.5,38.46,93.55
46e227f5-3ec4-4e98-9033-a6f5913ad35d,79.64,Excelente,6,192300.0,6,4,10,1,88.83,94.05,57.14,71.65
73f3b127-6f69-4055-9f65-fab04581042d,79.49,Excelente,7,168950.0,7,7,8,1,87.62,95.5,53.85,76.59
a65bdad2-79ab-44c3-895f-34eb42da7053,79.36,Excelente,11,28550.0,9,3,0,1,60.99,97.07,75.0,100.0
347b6d61-fe9d-407c-bd2d-ffe148a2240e,79.01,Excelente,7,158650.0,5,4,8,1,86.23,92.21,57.14,76.59
d9a87ac4-f283-4773-aa58-e073354c23e0,78.78,Excelente,10,67350.0,10,10,15,1,74.4,97.64,76.92,60.65
b2f16fd3-03c9-4d2f-8c5f-7878292fa4fe,78.74,Excelente,19,153450.0,15,5,12,1,85.87,98.97,55.56,67.03
d9c98865-0475-43b4-9dec-05d294b57a38,78.69,Excelente,6,744900.0,5,4,12,1,98.49,92.21,44.44,67.03
f4f4c056-3f7f-46da-9341-e8e813659bd7,78.6,Excelente,7,313150.0,5,5,11,1,93.3,92.21,50.0,69.3
3dbb2ec6-cd20-42ed-89c2-1ada6a977c30,78.15,Excelente,7,242450.0,6,5,4,1,91.12,94.05,38.46,87.52
2084423b-4f13-4e3a-9b89-4f42567422dd,78.01,Excelente,8,34250.0,7,4,7,1,63.59,95.5,80.0,79.19
d38e492b-9426-4c21-acfa-879e4d9a204a,77.93,Excelente,14,115100.0,14,6,5,1,82.85,98.79,46.15,84.65
8f4cdbf4-18e0-4919-b51a-6f4226583359,77.92,Excelente,4,121250.0,4,2,2,1,83.09,89.22,50.0,93.55
3f64d324-6eb8-4e08-adca-5e7e746a7fb7,77.89,Excelente,14,52200.0,12,7,0,1,71.01,98.31,53.85,100.0
bd082fe7-fb93-4735-94e3-45c7f46f0afb,77.83,Excelente,3,40700.0,3,3,0,1,66.52,83.21,75.0,100.0
a0d09c04-197d-403e-a05c-45866fa1e78c,77.8,Excelente,9,79850.0,9,7,4,1,76.99,97.07,53.85,87.52
f3a450aa-c635-4596-96e1-a13f9d481b76,77.68,Excelente,6,150250.0,5,4,11,1,85.57,92.21,57.14,69.3
2d879997-c58a-4607-b80a-5808855d4539,76.47,Excelente,5,37500.0,4,3,5,1,64.92,89.22,75.0,84.65
e3b68894-f4f4-4cbd-833d-e9037b5747ef,76.25,Excelente,9,5000.0,7,4,1,1,36.78,95.5,100.0,96.72
c132a498-4d01-4f86-bfaa-9fc73a7bf098,76.04,Excelente,7,394500.0,3,3,1,1,94.93,83.21,30.0,96.72
1bd764f0-85bf-43ce-ae79-5f1bb734d76e,75.76,Excelente,5,245500.0,5,5,14,1,91.24,92.21,45.45,62.71
ea438321-b5a2-4e08-a238-73b1a00b06a6,75.21,Excelente,16,37700.0,15,8,6,1,65.16,98.97,61.54,81.87
30e6db90-2d61-4ce0-aecc-d15bd7a109d6,75.15,Excelente,10,40600.0,10,7,2,1,66.43,97.64,53.85,93.55
a93b11ec-d049-4046-a53d-f4035190da1a,75.14,Excelente,14,500250.0,6,4,12,1,96.8,94.05,30.77,67.03
02595cc4-654a-4a5f-89c8-ba4d2e161614,75.03,Excelente,9,87200.0,9,8,19,1,78.32,97.07,61.54,53.08
91954442-a0b9-41cd-9b8a-04287ecf460a,74.84,Excelente,3,396350.0,3,3,0,1,95.05,83.21,23.08,100.0
34ca3538-2e62-4d5d-84a2-5d8a60cc2327,74.79,Excelente,8,381500.0,4,3,3,1,94.69,89.22,23.08,90.48
20caf54e-c7ff-4481-ab27-dd688684e85a,74.42,Excelente,11,160150.0,7,3,1,1,86.47,95.5,23.08,96.72
f08ccb7f-7289-473f-a40b-794fbf2e226e,74.24,Excelente,8,39700.0,7,5,14,1,66.0,95.5,71.43,62.71
4706c820-74c3-4354-984e-cb33480477e0,74.2,Excelente,4,48600.0,4,3,0,1,69.69,89.22,50.0,100.0
65f16a4a-1c99-4e31-8bd4-9794e992feaf,74.19,Excelente,8,3622800.0,5,4,17,1,99.82,92.21,30.77,56.74
74a7be9a-e2a3-431f-8e60-89f50f2a7be7,74.19,Excelente,5,653450.0,3,3,25,1,98.19,83.21,50.0,43.46
f9d22494-4bcc-45f7-816b-1c6438ffb1db,74.04,Excelente,3,137650.0,3,3,9,1,84.63,83.21,50.0,74.08
fdbd7f1a-6b31-4984-8638-cccd487125ca,74.01,Excelente,6,85500.0,5,5,2,1,78.02,92.21,38.46,93.55
1bb2d1f5-4833-4bb9-868b-9975562f6bab,74.0,Excelente,3,305450.0,3,3,4,1,93.06,83.21,30.0,87.52
858de346-bfef-4d2b-8b81-01750fb8bd93,73.92,Excelente,4,23700.0,4,3,6,1,58.82,89.22,75.0,81.87
88598e19-9a8f-42c3-9f07-6aaaa95e99e0,73.62,Excelente,4,47400.0,4,2,1,1,69.44,89.22,50.0,96.72
a8d1af4b-33f9-4ab0-8cdf-e049693f885c,73.59,Excelente,13,20800.0,10,9,7,1,57.13,97.64,69.23,79.19
4da9288d-8d33-4575-8397-e75c961acc17,73.46,Excelente,4,15200.0,4,3,2,1,52.51,89.22,75.0,93.55
89e87584-aa00-44e3-a3f1-ecc99fd7ce28,73.46,Excelente,8,168100.0,6,5,13,1,87.44,94.05,38.46,64.83
a6899e7d-b46c-45eb-b935-4a8d22097c41,73.39,Excelente,4,127400.0,4,4,2,1,83.88,89.22,30.77,93.55
175553f8-0c8f-473d-a9e6-c6cba4bff769,73.14,Excelente,15,47450.0,12,6,5,1,69.5,98.31,46.15,84.65
06e62f6c-1dd5-4831-9652-c8d58a47e190,73.11,Excelente,7,24300.0,7,3,13,1,59.3,95.5,75.0,64.83
8fa4b93f-daeb-4ab6-ae28-2b4fb2253963,72.9,Excelente,4,14800.0,4,3,3,1,52.2,89.22,75.0,90.48
572491b2-a49d-4109-92dc-ed3e6c939458,72.89,Excelente,15,16700.0,12,6,5,1,54.14,98.31,66.67,84.65
deb34267-9449-4d06-bfee-fe136b651e19,72.88,Excelente,4,95000.0,3,2,8,1,80.25,83.21,50.0,76.59
1b9ac00c-adbe-431e-83de-5f5e538dca3d,72.87,Excelente,6,56250.0,6,5,1,1,72.1,94.05,38.46,96.72
2b96cf21-dc06-407f-bd7e-cab4c2b41b08,72.83,Excelente,6,1063300.0,5,4,21,1,98.97,92.21,30.77,49.66
b7de9b0a-31c4-471b-812c-27f7e80268dd,72.72,Excelente,4,93000.0,4,2,12,1,79.59,89.22,50.0,67.03
5c6df957-7f03-4cb5-bf06-105806324a9e,72.69,Excelente,18,45050.0,12,5,1,1,68.54,98.31,38.46,96.72
a28173ef-9194-4419-b49e-7ad7dbc42126,72.48,Excelente,3,18100.0,3,3,3,1,55.28,83.21,75.0,90.48
e3c42b84-59d3-43a5-b875-cf40d0edce05,72.35,Excelente,11,582650.0,4,3,15,1,97.52,89.22,27.27,60.65
443ffd46-0b2c-4383-9462-cf4b0519b6de,72.33,Excelente,7,426800.0,6,4,31,1,95.65,94.05,40.0,35.58
71fc3a41-420c-4d5b-bf06-8ac41ef6c1d0,72.25,Excelente,9,109550.0,6,5,11,1,82.07,94.05,38.46,69.3
48eb7be8-963d-4b05-be7a-51b3739149dc,72.18,Excelente,7,67150.0,7,6,10,2,74.34,95.5,46.15,71.65
1e046b84-33fb-4671-aab8-e50d0ca3e27a,72.09,Excelente,3,130850.0,2,2,5,1,84.18,69.72,50.0,84.65
2ef165b7-3b64-4d5c-8178-8848c0e621ec,72.07,Excelente,4,52900.0,4,2,6,1,71.38,89.22,50.0,81.87
265d59b2-2175-4ad3-af85-eb6ee0d8b2d6,72.04,Excelente,7,2326550.0,4,2,20,1,99.7,89.22,28.57,51.34
7ab419b3-4124-4322-8473-84090acfd255,71.83,Excelente,6,390200.0,6,5,30,1,94.81,94.05,38.46,36.79
69d21385-4cf8-4aef-b570-ddde7588c1e2,71.7,Excelente,9,59700.0,9,7,17,1,72.74,97.07,53.85,56.74
2d11d046-355e-46e6-911d-ac74734e76e9,71.64,Excelente,5,272700.0,4,4,14,1,92.09,89.22,30.77,62.71
3c7b788b-35e0-4294-b5ed-96ba03053146,71.61,Excelente,5,124700.0,5,5,13,1,83.48,92.21,38.46,64.83
547fabc5-3a0c-4ddf-9d05-85410d7463e4,71.58,Excelente,6,403050.0,4,4,18,1,95.29,89.22,30.77,54.88
c5ae00ab-58e0-47ed-adcf-dd1d97c901fd,71.54,Excelente,4,456150.0,4,4,19,1,95.95,89.22,30.77,53.08
41e64100-7e27-4a9b-94fa-6080fbee346b,71.52,Excelente,3,887700.0,3,3,11,1,98.73,83.21,23.08,69.3
95d7861d-8472-47d2-84f0-f64d12293c3d,71.52,Excelente,5,355450.0,5,5,28,1,94.14,92.21,38.46,39.32
7da4af69-8482-4bd4-88fb-86785c340542,71.32,Excelente,7,264450.0,7,5,29,1,91.79,95.5,38.46,38.03
4d4e1233-98a3-4e1d-bf19-1db7934e1e38,71.19,Excelente,8,43350.0,6,4,8,1,67.69,94.05,50.0,76.59
40680ece-2aa7-474a-99b4-c5d9087ff660,71.01,Excelente,6,138900.0,6,6,26,1,84.72,94.05,46.15,42.04
76f09325-ad5f-45af-bcee-54a85f5ec0dc,70.83,Excelente,6,53200.0,6,5,5,1,71.44,94.05,38.46,84.65
b680746f-bcce-47cd-8cbc-310a214fe00f,70.83,Excelente,4,345750.0,4,4,19,1,93.9,89.22,30.77,53.08
528cd5c8-126c-4ea8-9349-81771396b89f,70.82,Excelente,6,99100.0,4,2,7,1,80.86,89.22,33.33,79.19
90443aab-17de-45e1-b5bd-f7e0255f391f,70.8,Excelente,5,209150.0,5,4,19,1,89.86,92.21,33.33,53.08
6d950f1a-24e8-43cd-8903-317bf08afe52,70.78,Excelente,8,60750.0,8,7,20,1,72.89,96.44,53.85,51.34
4ee5eccc-0e33-4f0b-9825-b4fed5a9f9dc,70.73,Excelente,3,114050.0,2,2,7,1,82.64,69.72,50.0,79.19
e5518863-a9f7-4f9d-a105-9ad50f44c2e7,70.56,Excelente,3,182350.0,3,3,4,1,88.16,83.21,23.08,87.52
d2bf58c2-fd54-4d32-bf16-2be4e8100d83,70.4,Excelente,6,68150.0,6,5,9,1,74.73,94.05,38.46,74.08
be3f152d-6a66-42b4-bec0-e405080751ac,70.39,Excelente,5,2290500.0,4,4,30,1,99.64,89.22,30.77,36.79
86e89ade-4014-4f41-8645-cb2410ca7461,70.36,Excelente,2,491000.0,2,2,15,1,96.68,69.72,40.0,60.65
120e03ea-2295-4c50-b515-fa2bd9d673dc,70.26,Excelente,5,26450.0,5,5,3,1,60.39,92.21,50.0,90.48
9d337ecd-e77d-44ac-86b9-41a323468d96,70.1,Excelente,6,114050.0,5,5,17,1,82.64,92.21,38.46,56.74
b3133bcc-c310-4c4d-89e8-adbdae28adf2,70.08,Excelente,6,95400.0,6,5,16,1,80.43,94.05,38.46,58.66
bca25e38-433b-476d-ad35-54096c119bf2,70.06,Excelente,8,4108200.0,3,3,17,1,99.94,83.21,23.08,56.74
75bcf93d-45dc-4705-9ab4-cb248d7ab949,69.87,Bueno,5,2171450.0,3,1,19,1,99.58,83.21,25.0,53.08
34ac6ffd-7a11-48db-a51b-3a48ae886838,69.81,Bueno,3,343300.0,3,3,11,1,93.84,83.21,23.08,69.3
7fc499d4-5361-4fd4-a774-1fbc3f54292a,69.81,Bueno,9,44000.0,9,4,2,1,68.06,97.07,30.77,93.55
afb165e3-cfa6-47de-a5b7-943638763a4d,69.8,Bueno,6,48900.0,5,5,5,1,69.81,92.21,38.46,84.65
8128fcc3-2405-4399-9885-82bc21a52b0b,69.79,Bueno,4,130300.0,4,4,11,1,84.0,89.22,30.77,69.3
371d3530-36bb-45d7-88e8-21d453bdcbb6,69.77,Bueno,3,47000.0,3,3,2,1,69.2,83.21,42.86,93.55
30f46e31-26cb-452a-ad4f-e9f29f581cd6,69.69,Bueno,6,47050.0,6,6,11,1,69.26,94.05,46.15,69.3
b5308f71-ecba-4caf-99d2-187011957064,69.64,Bueno,6,187000.0,5,4,36,1,88.47,92.21,44.44,30.12
c1bbe098-5ebc-41d3-9e61-343bfd94fc49,69.52,Bueno,7,61500.0,7,6,17,1,73.13,95.5,46.15,56.74
e7bea1e2-fcf0-4a14-8ca6-49d9fa483733,69.31,Bueno,3,352900.0,2,1,5,1,94.08,69.72,25.0,84.65
15169d01-9791-4747-a414-dc60fbb1f272,69.18,Bueno,6,91200.0,5,5,16,1,79.17,92.21,38.46,58.66
eb8db3bb-eb14-426c-bc7a-97dc604e2aeb,69.17,Bueno,8,42850.0,7,4,2,1,67.33,95.5,30.77,93.55
68429784-37ad-4084-86d3-fc6c998a22cc,69.16,Bueno,13,46100.0,10,6,15,1,68.9,97.64,46.15,60.65
5985d16a-7688-493c-bb9d-f60ed43870ab,69.12,Bueno,2,50600.0,2,2,1,1,70.53,69.72,50.0,96.72
124836a9-b998-4656-9c4d-c2873ed99714,69.07,Bueno,4,115350.0,4,4,12,1,82.91,89.22,30.77,67.03
7898b7a4-efeb-4aba-88f9-733188912335,68.95,Bueno,8,38900.0,5,3,11,1,65.73,92.21,50.0,69.3
e7c1ca48-b855-461e-a8f8-24cc506e147f,68.92,Bueno,6,152600.0,2,2,4,1,85.81,69.72,33.33,87.52
6b623572-164b-43da-a7cd-47e3ecbb040a,68.9,Bueno,3,50600.0,3,3,5,1,70.53,83.21,42.86,84.65
c92fb508-fa47-4578-94d5-77661c39a33d,68.77,Bueno,9,31550.0,9,4,0,1,62.32,97.07,30.77,100.0
5e128c9a-b295-407d-a55a-683b931a1aae,68.56,Bueno,3,715000.0,3,3,40,1,98.37,83.21,37.5,26.36
c873c9b9-11f4-4bee-8c95-577b282b51e9,68.42,Bueno,9,598250.0,5,3,50,1,97.71,92.21,33.33,18.89
c75c3ad6-0aab-4ada-a188-3795160af05f,68.22,Bueno,5,1144450.0,3,3,28,1,99.15,83.21,27.27,39.32
653edeaa-c0ab-4d71-9111-546a251e7201,68.11,Bueno,10,28250.0,8,4,0,1,60.87,96.44,30.77,100.0
fbe7e701-1d68-4fc4-93a1-f69e7719063c,68.04,Bueno,4,448850.0,3,3,31,1,95.89,83.21,33.33,35.58
d470303e-d0ad-4599-87fe-2f5649554019,68.02,Bueno,9,38650.0,9,4,4,1,65.52,97.07,30.77,87.52
874e8bde-ad2e-41c5-b757-82ce1cc83aea,67.83,Bueno,2,167200.0,2,2,5,1,87.32,69.72,28.57,84.65
76b43894-777a-4d5f-a47b-f19510d89633,67.59,Bueno,4,191850.0,4,4,25,1,88.77,89.22,30.77,43.46
c44e7424-2ed6-49ab-86a8-3e125b863c40,67.54,Bueno,7,63600.0,4,3,23,1,73.61,89.22,50.0,46.46
2d0df4a6-6155-443a-9b18-b4e0a7789020,67.47,Bueno,3,89400.0,3,2,10,1,78.8,83.21,33.33,71.65
e7bff5a9-14d0-4e58-ac7a-d798507776ce,67.42,Bueno,6,20300.0,6,5,5,1,56.7,94.05,45.45,84.65
af98c3be-af5d-46b0-9cfd-5f9e940b9d4a,67.32,Bueno,2,748550.0,2,2,11,1,98.55,69.72,20.0,69.3
0072157e-a634-4cb3-bead-b1a2981485ca,67.22,Bueno,10,433450.0,2,2,19,1,95.71,69.72,33.33,53.08
bda3d4c1-b84b-470d-b395-54c29cb99ca5,67.2,Bueno,3,81000.0,3,3,3,1,77.29,83.21,23.08,90.48
7606bd42-0a8e-4e11-9a91-1e53a812120a,67.1,Bueno,5,176700.0,4,4,26,1,87.98,89.22,30.77,42.04
9a400a53-75ce-4fd7-a1a1-e8f6b32b37bb,67.08,Bueno,4,26900.0,4,4,1,1,60.51,89.22,36.36,96.72
65907315-31cd-4c7e-8efe-a4b01a6b4bb7,67.02,Bueno,4,6700.0,4,3,8,1,41.36,89.22,75.0,76.59
f599cf7f-8a16-4b1a-9018-3df669261ba1,66.96,Bueno,3,77600.0,3,3,7,1,76.51,83.21,30.0,79.19
d346f7b9-95dc-451f-9ab5-25d44473fa40,66.86,Bueno,4,12500.0,4,2,1,1,50.12,89.22,50.0,96.72
4f756861-0bf9-4347-aac1-3c3b2b0e9b40,66.81,Bueno,6,113000.0,4,4,19,1,82.43,89.22,30.77,53.08
c9f25828-df84-4f65-b0e3-4c71ea8bb625,66.75,Bueno,4,88200.0,3,3,5,1,78.5,83.21,23.08,84.65
3ac1acd1-2068-430c-a12f-7a5a7c4da1e5,66.73,Bueno,7,25750.0,7,5,6,1,59.87,95.5,38.46,81.87
3a3aec29-b9dc-4dda-a550-352a5faaac55,66.72,Bueno,3,581700.0,3,2,19,1,97.46,83.21,15.38,53.08
171db06e-2e4b-4542-a9c9-32028520fda4,66.69,Bueno,3,366000.0,3,2,29,1,94.38,83.21,28.57,38.03
8e003b56-bbda-4f5f-b91d-3e978aefb596,66.63,Bueno,2,33500.0,2,2,1,1,63.41,69.72,50.0,96.72
60c6d263-d51f-4a99-bc9c-4744decd80c1,66.53,Bueno,6,16500.0,6,5,1,1,53.99,94.05,38.46,96.72
7a446f67-9abd-4b31-b203-c1aa005ab2a0,66.48,Bueno,3,38800.0,2,2,3,1,65.64,69.72,50.0,90.48
fba9915b-d0ea-40fa-8e19-3ed93c1b96f3,66.35,Bueno,4,4050.0,4,3,3,1,33.48,89.22,75.0,90.48
d4eb48d6-458e-4384-96d7-2f09bb6a89b0,66.25,Bueno,6,30500.0,4,2,6,1,61.9,89.22,40.0,81.87
f4c33c6a-0e45-4393-b212-b06fa7487951,66.24,Bueno,5,32850.0,4,4,10,1,63.07,89.22,44.44,71.65
1f5cd79d-e1df-42d3-a4a9-459e946ae136,66.16,Bueno,7,403000.0,4,3,48,1,95.23,89.22,30.0,20.19
7aaee9bb-9f9d-43ab-a1b7-218355877284,66.16,Bueno,6,349300.0,3,2,21,1,94.02,83.21,20.0,49.66
d07b8366-4469-4601-8e5e-e56a336ad984,66.08,Bueno,2,174050.0,2,2,2,1,87.92,69.72,15.38,93.55
89f79816-c01a-441c-b7b9-30d2ff1829fb,66.06,Bueno,7,446100.0,5,3,42,1,95.83,92.21,23.08,24.66
80a222ef-7042-4a1d-ad2d-63d1fd6c38ec,66.06,Bueno,9,61250.0,5,3,15,1,73.07,92.21,33.33,60.65
db2356cd-b7ab-4188-a8c4-6793a774baa8,66.03,Bueno,2,124700.0,2,1,4,1,83.48,69.72,25.0,87.52
a9da9782-47d0-4c0d-a8d9-b4182d068663,66.0,Bueno,4,216100.0,2,2,4,1,90.28,69.72,15.38,87.52
a9fb09b7-1939-464b-82ab-045e67f406f9,65.57,Bueno,3,201650.0,3,3,20,1,89.43,83.21,23.08,51.34
32b73bc6-8f48-4cc0-b770-a5ecb9912e55,65.48,Bueno,3,103300.0,3,3,11,1,81.46,83.21,23.08,69.3
1b686850-01fd-4a66-b296-7389e8c1211f,65.47,Bueno,8,40850.0,8,3,6,1,66.61,96.44,23.08,81.87
6a2c1e35-a02b-4474-b159-c51a3623a7e4,65.42,Bueno,13,5850.0,13,9,13,1,39.22,98.64,69.23,64.83
8a19003a-7192-4cb1-be30-1755b16ad292,65.4,Bueno,5,76550.0,5,4,19,1,76.27,92.21,30.77,53.08
a13389e0-3bd6-4aa5-9793-c8e04ba9bf39,65.34,Bueno,4,486250.0,3,3,33,1,96.5,83.21,23.08,33.29
d46efb93-bee0-4271-b669-1aa9345076a5,65.31,Bueno,2,179700.0,2,2,8,1,88.1,69.72,22.22,76.59
857066b8-3399-498a-a490-7ba785d9b250,65.28,Bueno,8,461600.0,2,2,11,1,96.01,69.72,15.38,69.3
6da56853-3a01-4c67-95ef-c1b0e7b877bf,65.26,Bueno,3,228450.0,2,2,6,1,90.58,69.72,15.38,81.87
d1a85d95-303c-422a-a6cf-fa13f04fe8d1,65.2,Bueno,4,13500.0,3,3,8,1,51.18,83.21,60.0,76.59
2d97ebff-2c18-49cb-9fe2-0bb76fcdb1a6,65.19,Bueno,4,59900.0,3,3,4,1,72.83,83.21,23.08,87.52
bf7e1510-d06e-4cd9-99ad-33fc92fee155,65.17,Bueno,3,46050.0,3,3,1,1,68.84,83.21,23.08,96.72
83a8d2fc-840a-47ca-b5a3-68078d9208c6,65.16,Bueno,5,28700.0,5,5,9,1,61.08,92.21,38.46,74.08
e4764be1-4afa-4ef3-a45c-d93657f6bbba,64.93,Bueno,5,61650.0,3,3,5,1,73.31,83.21,23.08,84.65
a103fe8b-8b97-4286-a8bc-2e11f64c5e56,64.92,Bueno,4,7400.0,3,3,2,1,43.09,83.21,60.0,93.55
08d872f7-eeb9-4eff-bcfe-f3755b52397a,64.84,Bueno,3,178550.0,3,3,21,1,88.04,83.21,23.08,49.66
8debbce2-407b-4ff6-8010-962fd2ad06e0,64.83,Bueno,5,11900.0,4,2,5,1,49.52,89.22,50.0,84.65
5e973269-9e4e-4523-8ad1-3f611b2500d2,64.82,Bueno,8,3250.0,8,8,1,1,30.92,96.44,61.54,96.72
7580b731-705e-4cb5-b785-0f0a6912f669,64.74,Bueno,2,409050.0,2,2,12,1,95.47,69.72,15.38,67.03
0250407a-1de0-4074-98a9-c03f79ebe4f9,64.68,Bueno,4,74800.0,4,2,7,1,76.15,89.22,15.38,79.19
8910e4a4-2dad-4c8e-ac40-d3502dbca7e5,64.54,Bueno,2,206800.0,2,2,10,1,89.61,69.72,20.0,71.65
03dfe1ce-30f9-496c-8cbb-3ca580b16cd1,64.48,Bueno,3,80700.0,3,1,11,1,77.23,83.21,25.0,69.3
6826170c-ee55-4b6c-ad30-e510e85e24de,64.46,Bueno,3,68000.0,3,3,12,1,74.58,83.21,30.0,67.03
738bec4f-48ca-42a3-9cbc-d8b602274d96,64.23,Bueno,4,86200.0,4,3,16,1,78.17,89.22,23.08,58.66
c2f9c8dc-a499-43e6-b0e0-c17a75317ce1,64.12,Bueno,4,12100.0,4,2,7,1,49.82,89.22,50.0,79.19
31df59c7-cefc-4028-8924-21d131267cc7,64.12,Bueno,7,1138900.0,4,3,72,1,99.09,89.22,23.08,9.07
001762e3-094d-415c-9304-c7c182e0c16a,64.09,Bueno,3,44750.0,3,3,3,1,68.42,83.21,23.08,90.48
c9eb7700-b856-482d-8f68-5455e3a36587,64.05,Bueno,2,23350.0,2,2,3,1,58.7,69.72,50.0,90.48
e83fb56f-1c65-43f3-9040-7bb3b5bc92b8,64.03,Bueno,14,36100.0,12,6,31,1,64.49,98.31,46.15,35.58
a638ad05-b88b-4dcb-b2ca-a75a16253227,63.94,Bueno,2,25300.0,2,2,4,1,59.66,69.72,50.0,87.52
33b0dc63-88df-4c53-8434-772409b38f55,63.68,Bueno,18,5200.0,7,5,5,1,37.77,95.5,55.56,84.65
8792e0e4-9c9e-464e-948a-709020d568bf,63.6,Bueno,3,96700.0,3,2,10,1,80.59,83.21,15.38,71.65
516a732d-ef1a-4c78-9b57-0ef1185a15c9,63.58,Bueno,4,53850.0,4,3,11,1,71.74,89.22,23.08,69.3
26986041-12c6-4305-91a0-9229d37cf641,63.49,Bueno,3,78900.0,3,3,12,1,76.75,83.21,23.08,67.03
4d452eba-367c-4f95-918a-6e9bca081637,63.46,Bueno,2,51000.0,2,1,0,1,70.8,69.72,25.0,100.0
eae3ace1-6d51-4329-9b62-ba94c34f304d,63.28,Bueno,3,295100.0,3,3,38,1,92.81,83.21,23.08,28.18
c8debe66-8f59-43d1-8639-cdb0b1d5d979,63.27,Bueno,3,39800.0,3,3,3,1,66.06,83.21,23.08,90.48
03e576a6-d950-45dc-adaa-3cfb052655c2,63.19,Bueno,8,336400.0,2,2,19,1,93.72,69.72,20.0,53.08
a2eac00d-9d16-4a7e-b169-f17cf8ef9fdf,63.11,Bueno,5,4850.0,5,2,0,1,35.87,92.21,50.0,100.0
835fbd77-b965-49c0-9245-94ee7059adb0,62.82,Bueno,4,559950.0,3,3,65,1,97.28,83.21,25.0,11.46
471f2b91-be94-444d-a65d-6f2acdbf7174,62.8,Bueno,2,141450.0,2,2,17,1,84.9,69.72,28.57,56.74
40836d8c-2e7e-42b1-974f-456adb7092ac,62.79,Bueno,2,80350.0,2,2,1,1,77.17,69.72,15.38,96.72
294b5319-3ab7-4f77-81e4-0294d282cae2,62.69,Bueno,2,365550.0,2,2,20,1,94.32,69.72,18.18,51.34
1ebcbc7b-f227-4068-86dd-d9b84da3f4fc,62.66,Bueno,5,5850.0,3,3,4,1,39.22,83.21,60.0,87.52
ebb76123-3b0d-4227-b0ef-e7ad6d659a18,62.66,Bueno,2,56600.0,2,2,21,1,72.22,69.72,50.0,49.66
8606e028-6e6f-40dc-b472-8afd58f09614,62.65,Bueno,2,108500.0,2,2,5,1,81.94,69.72,15.38,84.65
169eb5f6-a703-4ddb-8e10-baa6a836a686,62.52,Bueno,1,600000.0,1,1,1,1,97.77,30.16,25.0,96.72
ccfd6d36-ac1d-4c15-9971-70ce15a0e323,62.51,Bueno,4,159950.0,3,3,29,1,86.38,83.21,23.08,38.03
164a5b60-f5fd-4517-b038-5b2e53afd0be,62.48,Bueno,5,79000.0,5,4,34,1,76.87,92.21,30.77,32.2
9aca7db0-0f09-4ff8-89be-a52b27fa894d,62.47,Bueno,5,211700.0,4,3,63,1,90.04,89.22,27.27,12.25
0e52d550-ae23-407a-9b1f-6e5fb1f066ab,62.47,Bueno,6,560500.0,2,2,41,1,97.34,69.72,28.57,25.5
c36bda4e-5aed-45f6-99f5-b4a57a76cc31,62.42,Bueno,4,285500.0,3,3,55,1,92.57,83.21,27.27,15.99
54b88e99-9934-4df1-9872-7d60875b5c34,62.36,Bueno,3,31250.0,3,3,2,1,62.17,83.21,23.08,93.55
1018b53a-75fd-44d8-a245-1d9e1295b2d7,62.36,Bueno,2,224600.0,2,2,14,1,90.52,69.72,15.38,62.71
c77ea66e-2e15-4fac-abfb-3f9324057734,62.32,Bueno,8,52400.0,7,5,40,1,71.07,95.5,38.46,26.36
42be050b-7b7c-478a-919e-b4898e50f894,62.26,Bueno,3,13400.0,3,2,3,1,51.09,83.21,40.0,90.48
5086da50-ea13-4535-b52e-aa36e086c058,62.16,Bueno,4,28900.0,4,4,10,1,61.17,89.22,30.77,71.65
e293f89d-7a83-488b-98c3-bd244761b46a,62.1,Bueno,2,41800.0,2,1,0,1,66.91,69.72,25.0,100.0
ac5a131c-249e-4337-a58d-68089ea8cf3a,62.04,Bueno,3,71800.0,3,3,19,1,75.6,83.21,27.27,53.08
f010348e-d4f5-4c3b-9039-4a2ec69eea56,62.04,Bueno,7,1079600.0,2,2,27,1,99.03,69.72,15.38,40.66
f451e4a4-5e3d-4cfb-a4f2-428705f34bcf,61.84,Bueno,4,72150.0,4,4,31,1,75.72,89.22,30.77,35.58
a67a3807-bd87-48f1-bcc8-d9d61ad3081f,61.74,Bueno,3,21600.0,3,3,0,1,57.61,83.21,23.08,100.0
e9dc64c8-3fd3-4b8d-85ea-54f2c10514f9,61.71,Bueno,3,248600.0,2,2,32,1,91.36,69.72,28.57,34.42
1837f3df-dd37-4ffc-8602-3bcc08863f7f,61.7,Bueno,4,114600.0,4,3,35,1,82.73,89.22,23.08,31.14
cb6ebf7e-ec33-4d33-b8e7-380587c31e58,61.64,Bueno,4,16700.0,4,4,5,1,54.14,89.22,30.77,84.65
2d140ffc-e2c8-4f4e-bb8a-872017df6773,61.59,Bueno,3,44500.0,3,3,9,1,68.3,83.21,23.08,74.08
0a26f835-431a-423b-b00f-4b9343200346,61.54,Bueno,5,30750.0,4,3,12,1,61.96,89.22,30.0,67.03
05b1af3d-95f5-4e59-a293-b57bcc4e5ed5,61.48,Bueno,3,23050.0,3,3,1,1,58.27,83.21,23.08,96.72
8f5c5282-a1fe-4a0a-aed3-5c356d8e66bf,61.46,Bueno,1,382700.0,1,1,1,1,94.75,30.16,25.0,96.72
f08c0241-10ec-4109-8930-96419a35673a,61.43,Bueno,5,63950.0,4,3,25,1,73.67,89.22,27.27,43.46
0fa2ab79-1f09-44cb-b4e6-fc11aaf8d7b8,61.38,Bueno,3,206000.0,3,3,44,1,89.55,83.21,23.08,23.07
9968b1b1-6c77-44cc-8d0a-7a37709a66bb,61.17,Bueno,2,73350.0,2,2,12,1,75.85,69.72,28.57,67.03
732e996a-3453-4f76-817c-12b903bb829c,61.12,Bueno,13,5550.0,7,6,12,1,38.74,95.5,54.55,67.03
325895ca-394b-49ce-a6f3-0f5781f20582,61.11,Bueno,3,145800.0,2,2,12,1,85.08,69.72,15.38,67.03
63a492d2-75b7-4238-be98-611b0e496e26,61.04,Bueno,1,273200.0,1,1,0,1,92.15,30.16,25.0,100.0
f915c9d1-eeba-4824-9b03-23937417c45b,61.02,Bueno,4,6550.0,4,2,7,1,40.97,89.22,50.0,79.19
cb9086af-152a-440d-a9c2-627e3bc5d695,61.01,Bueno,5,26250.0,5,3,9,1,60.21,92.21,23.08,74.08
b93dfa15-01b9-42af-9ecc-90722bb0c095,60.86,Bueno,6,37600.0,6,3,16,1,65.07,94.05,23.08,58.66
aeafffc6-144a-4257-bb4a-cac019d131f9,60.84,Bueno,1,516700.0,1,1,4,1,96.92,30.16,25.0,87.52
3f51acd3-7344-4b51-acda-d301f5be5664,60.76,Bueno,2,153950.0,2,2,14,1,85.93,69.72,15.38,62.71
ab31cad0-c789-42f7-994a-b15345df52dc,60.61,Bueno,5,149900.0,2,2,14,1,85.51,69.72,15.38,62.71
0d9c2e69-9aae-4263-b592-b4ecb31a9335,60.43,Bueno,3,126950.0,3,3,36,1,83.82,83.21,23.08,30.12
9ab4f0f7-a2a6-47b3-b54c-65458f9e9c18,60.39,Bueno,2,163800.0,2,2,19,1,87.02,69.72,18.18,53.08
16e80d3d-0483-41a5-aaea-dcb6e64457e7,60.39,Bueno,3,93150.0,3,3,34,1,79.83,83.21,27.27,32.2
d07cf37b-3514-4c59-9bb4-070cef5339d9,60.38,Bueno,2,82800.0,2,2,7,1,77.78,69.72,15.38,79.19
4eeec894-2a41-49fb-b6bc-a065fe72d0e7,60.28,Bueno,2,29600.0,2,2,16,1,61.56,69.72,50.0,58.66
d9ca61a9-cd0d-4e3c-a041-e34e5b3c43e8,60.24,Bueno,7,410200.0,3,2,70,1,95.53,83.21,18.18,9.7
0bd4819c-0a04-4743-8629-aab52af0ead8,60.12,Bueno,4,43050.0,4,4,25,1,67.45,89.22,30.77,43.46
be18f06d-8132-455b-9860-ebcfc8d11d0e,60.12,Bueno,3,15700.0,3,2,18,1,53.11,83.21,50.0,54.88
5d06eab4-4aee-4d4e-8acf-4aec0348d648,60.12,Bueno,2,16150.0,2,2,8,1,53.44,69.72,50.0,76.59
8ebbd5a3-f62b-4358-a659-413e10f3aa03,60.11,Bueno,2,186200.0,2,2,24,1,88.41,69.72,20.0,44.93
4ece82f3-0806-43fb-be14-7c4ae8e0d724,60.07,Bueno,2,29300.0,2,2,2,1,61.32,69.72,28.57,93.55
6fa8953f-3822-4976-afc5-97ad25cbcd33,60.05,Bueno,20,2750.0,12,6,2,1,28.29,98.31,46.15,93.55
78039346-1b00-4ebf-8e04-01b4a39b24b5,60.05,Bueno,3,18550.0,3,3,2,1,55.56,83.21,23.08,93.55
4d1ceec1-4b76-46d7-9b78-7e49512a728d,59.96,Bueno,6,10800.0,5,5,11,1,48.28,92.21,38.46,69.3
6b4cf5e8-2abf-4fed-8d4b-d070e1679f16,59.94,Bueno,4,17600.0,4,4,10,1,54.83,89.22,30.77,71.65
426c5269-c10c-4ff2-80a9-2bdf48df6296,59.91,Bueno,2,82350.0,2,1,15,1,77.54,69.72,25.0,60.65
6d9bacc4-903b-4d71-8869-0fd17fbebf8e,59.91,Bueno,3,20950.0,3,2,1,1,57.31,83.21,18.18,96.72
b6194a97-8414-477a-b93e-aa8fa669f4e2,59.87,Bueno,3,49400.0,3,3,16,1,69.99,83.21,23.08,58.66
b9f126ef-72f3-493a-a2b3-b585682db8ff,59.83,Bueno,6,11150.0,6,6,20,1,48.79,94.05,46.15,51.34
02e5b2fa-b39a-442c-b6fc-ef2861565323,59.82,Bueno,2,103000.0,2,2,12,1,81.4,69.72,15.38,67.03
0abce7cc-fa3f-4f15-b245-0c4267f53b66,59.77,Bueno,8,40050.0,8,5,50,1,66.33,96.44,38.46,18.89
ac705dbe-4d3f-4143-98c9-dc8c7e838591,59.75,Bueno,4,25650.0,4,3,10,1,59.78,89.22,23.08,71.65
a24c4f77-0bb2-463f-a856-6b9c9838adec,59.61,Bueno,3,57500.0,3,3,20,1,72.4,83.21,23.08,51.34
a5029f3c-b968-4030-9e52-751200400d9c,59.59,Bueno,2,394550.0,2,2,37,1,94.99,69.72,18.18,29.13
5fb95fee-78e0-40c5-a650-941758d0c495,59.5,Bueno,4,140150.0,3,3,46,1,84.84,83.21,23.08,21.58
4f53ec72-302a-4bf8-8e43-a28c7f8788cd,59.47,Bueno,2,8000.0,2,2,2,1,44.32,69.72,50.0,93.55
7bf8c0a7-5216-4886-80dc-75749aff8e40,59.47,Bueno,2,63400.0,2,2,19,1,73.55,69.72,33.33,53.08
f5e85600-8bdd-4706-9f2d-f4184b84679c,59.42,Bueno,3,50200.0,3,3,18,1,70.32,83.21,23.08,54.88
59d5de59-f782-450a-b012-4d4bac317085,59.41,Bueno,5,190200.0,3,2,53,1,88.71,83.21,20.0,17.09
cf2068de-c787-4c0e-9117-edade6a2e9af,59.32,Bueno,5,39050.0,5,4,30,1,65.88,92.21,30.77,36.79
8b3cae74-23b6-4621-b6ef-3ca85c72d214,59.31,Bueno,3,16200.0,3,3,11,1,53.53,83.21,37.5,69.3
57d3af34-9dfe-470a-8e31-d9d27aea091f,59.29,Bueno,3,27500.0,3,3,8,1,60.66,83.21,23.08,76.59
62c354f2-c5bd-4a1b-a40b-d015dd4f43b0,59.21,Bueno,2,17350.0,2,2,5,1,54.53,69.72,40.0,84.65
de6abbde-1984-47f3-a570-a56e1b18e48f,59.21,Bueno,2,159950.0,2,2,20,1,86.38,69.72,15.38,51.34
224655b3-d3c8-4964-a317-dd138929ad6e,59.16,Bueno,3,43800.0,3,3,16,1,67.96,83.21,23.08,58.66
5646d167-b4d5-4f9f-9180-f6bf28b06871,59.11,Bueno,3,31400.0,3,3,10,1,62.26,83.21,23.08,71.65
0386a729-1e10-435d-bbae-8b9a2707b728,58.98,Bueno,2,24750.0,2,1,1,1,59.42,69.72,25.0,96.72
a9cc812e-4eff-4192-8bcb-fd55998aba52,58.97,Bueno,6,15900.0,6,5,22,1,53.26,94.05,38.46,48.03
142089bc-5604-44b9-8d7e-d6961c9956e3,58.97,Bueno,3,23300.0,3,3,7,1,58.64,83.21,23.08,79.19
b3fb1b7c-10a5-4137-bda9-543b8b06490c,58.97,Bueno,2,482000.0,2,2,50,1,96.32,69.72,20.0,18.89
e42c09f5-e6c1-42af-8253-1c6a487f30bc,58.84,Bueno,4,43550.0,3,3,17,1,67.87,83.21,23.08,56.74
c3b60b55-15d9-4280-83a7-818a1c03a4c3,58.75,Bueno,4,67600.0,3,3,27,1,74.52,83.21,23.08,40.66
7c0203a2-8820-49cd-b8d4-dbccc7f0acde,58.73,Bueno,4,238550.0,1,1,4,1,90.88,30.16,25.0,87.52
f9043545-dfc2-402f-a8c7-0a61f21cb719,58.72,Bueno,5,14300.0,4,2,1,1,51.6,89.22,15.38,96.72
61bedfd8-a6d5-46f8-94dc-973b072d04b4,58.71,Bueno,4,299050.0,3,2,68,1,92.87,83.21,15.38,10.37
cd94ef53-5591-4663-ab16-e12817c25546,58.71,Bueno,3,61550.0,3,3,25,1,73.19,83.21,23.08,43.46
262ae1d3-935a-4854-9273-dc63296e419b,58.59,Bueno,5,77350.0,4,4,63,1,76.45,89.22,30.77,12.25
ddd72232-5dd0-4e01-8400-c9aa26118a01,58.54,Bueno,6,48400.0,4,3,37,1,69.63,89.22,30.0,29.13
cc657cb7-c671-40da-8b96-9e40428be545,58.48,Bueno,4,524500.0,2,2,46,1,97.04,69.72,15.38,21.58
61bfa67b-0725-4a01-8a5a-3f41c3801f5e,58.47,Bueno,2,57400.0,2,2,7,1,72.34,69.72,15.38,79.19
831de67b-c55f-444e-9f80-b29727db92bc,58.45,Bueno,3,31000.0,3,3,15,1,62.08,83.21,27.27,60.65
3568b257-1cd1-48d4-befe-06d5f2c0c8b8,58.43,Bueno,2,390250.0,2,2,40,1,94.87,69.72,15.38,26.36
68f0d708-7c25-4ee1-a050-9535a1e27cec,58.36,Bueno,15,3700.0,7,5,3,1,32.28,95.5,38.46,90.48
69c6ac0c-3962-429c-9da9-27f041279d04,58.35,Bueno,4,187600.0,1,1,3,1,88.53,30.16,25.0,90.48
35926054-e4e6-4ff8-ab03-94da37e74161,58.29,Bueno,4,32550.0,3,3,19,1,62.92,83.21,30.0,53.08
d86d9f72-e4f0-4cb1-ac05-8e4b0bdff403,58.27,Bueno,6,53500.0,6,4,60,1,71.53,94.05,30.77,13.53
4f89ad8e-f436-4ba9-b974-31b1e9cfa47e,58.26,Bueno,3,499750.0,2,2,47,1,96.74,69.72,15.38,20.87
7bfcb4de-332d-43e0-8ef5-f610e670e9f1,58.26,Bueno,4,101900.0,3,3,46,1,81.28,83.21,23.08,21.58
ad497e87-c110-4e5e-972e-81cd15586746,58.2,Bueno,6,41500.0,4,4,34,1,66.79,89.22,30.77,32.2
c1e1ac27-d464-4a0a-93c5-c0329a4e6ceb,58.14,Bueno,5,23100.0,5,4,23,1,58.36,92.21,30.77,46.46
d0617c74-f70b-4309-930b-982f4d858d40,58.08,Bueno,4,61600.0,4,3,37,1,73.25,89.22,23.08,29.13
077c14e6-4bce-4823-a5e7-01c847594fcc,58.07,Bueno,3,69750.0,3,3,32,1,75.24,83.21,23.08,34.42
1a75e607-20af-4c23-990a-484cce69be74,57.98,Bueno,1,536900.0,1,1,1,1,97.16,30.16,7.69,96.72
d361b6c5-4226-4e80-843b-4de047b8b748,57.91,Bueno,3,4500.0,3,2,0,1,34.6,83.21,40.0,100.0
76d3b8b0-f11f-4f4b-867e-0851000b6918,57.87,Bueno,2,208750.0,2,2,32,1,89.79,69.72,15.38,34.42
d3b7f234-ea26-4b4e-b888-b689d20298be,57.81,Bueno,1,151450.0,1,1,2,1,85.69,30.16,25.0,93.55
eac10223-e0e5-4f39-9f11-55dfd0119465,57.72,Bueno,2,250100.0,2,2,51,1,91.43,69.72,22.22,18.27
03fe426c-bd04-4838-9f3f-9cf461b2d56a,57.68,Bueno,3,213200.0,2,2,34,1,90.22,69.72,15.38,32.2
163fd95e-4b7a-47d9-a7dc-5863d5aeb9ed,57.62,Bueno,2,66050.0,2,2,11,1,74.15,69.72,15.38,69.3
1df9988d-a976-4e19-bd3b-9d290a64c142,57.51,Bueno,2,95100.0,2,2,34,1,80.31,69.72,28.57,32.2
ec1127cb-00b4-4bdf-9dcb-711bb73b9dcd,57.32,Bueno,4,20700.0,4,4,24,1,56.97,89.22,33.33,44.93
1e56032e-4a25-4e74-ad99-48aa88b9a881,57.28,Bueno,1,668500.0,1,1,15,1,98.25,30.16,25.0,60.65
7694b1be-cb72-4369-b12e-da323c0fbbb1,57.24,Bueno,3,120000.0,3,3,67,1,83.03,83.21,23.08,10.72
bdf00c19-3e13-47f6-93ed-e80f58de757c,57.05,Bueno,2,116300.0,2,2,24,1,82.97,69.72,15.38,44.93
8f561d75-6c80-435c-bfc5-e65d74dba9b7,56.78,Bueno,3,41000.0,3,2,16,1,66.67,83.21,15.38,58.66
81080ffd-1529-4032-b089-049839ca3d68,56.73,Bueno,2,88350.0,2,2,19,1,78.56,69.72,15.38,53.08
7216d24d-e2cd-4ce2-87c5-4873553667cb,56.73,Bueno,2,45300.0,2,2,10,1,68.6,69.72,18.18,71.65
510b5a47-d0da-4a48-a366-702ebccb5680,56.71,Bueno,2,37550.0,2,2,5,1,64.98,69.72,15.38,84.65
3435674f-70dc-4524-a9c0-8139712d796a,56.64,Bueno,6,800100.0,2,1,62,1,98.67,69.72,11.11,12.66
e6151803-402c-473e-9f10-778b10b72b05,56.6,Bueno,2,22950.0,2,2,0,1,58.06,69.72,15.38,100.0
59dd356f-d129-4bbe-b7b1-bcd49bdb18da,56.57,Bueno,2,65550.0,2,2,14,1,73.97,69.72,15.38,62.71
b09dfead-62ce-412d-9fd0-08d9d8edd952,56.54,Bueno,2,137650.0,1,1,4,1,84.63,30.16,25.0,87.52
e5c24c91-af30-416a-a698-65adaa89ee9b,56.51,Bueno,3,17600.0,3,3,10,1,54.83,83.21,23.08,71.65
ae26d2ec-8a3e-4311-9251-6470d29d3aac,56.48,Bueno,2,54600.0,2,2,12,1,71.86,69.72,15.38,67.03
52120116-3f26-48d4-93bd-8f46d9455f6a,56.43,Bueno,2,97750.0,2,2,36,1,80.68,69.72,25.0,30.12
0fe351f2-9fe0-42b3-88e8-6c3d871ed9f3,56.43,Bueno,2,29300.0,2,2,11,1,61.32,69.72,28.57,69.3
b00123f4-6312-40de-9576-70445f576a77,56.42,Bueno,2,6150.0,2,2,0,1,39.98,69.72,40.0,100.0
a2d8a403-f6f1-4b05-bafc-8058d8f22088,56.41,Bueno,1,488400.0,1,1,4,1,96.62,30.16,7.69,87.52
11f8e370-5dda-4b91-855c-d1583faec913,56.4,Bueno,2,4750.0,2,2,2,1,35.54,69.72,50.0,93.55
4baf2327-72a6-4fb8-bc1e-1a95d25c9bed,56.39,Bueno,2,69650.0,2,2,16,1,75.18,69.72,15.38,58.66
d40fd05c-a6fd-4462-b276-46b9dfb5d85c,56.36,Bueno,2,240300.0,2,2,46,1,91.0,69.72,15.38,21.58
6ff4b760-66bc-47bd-9d7d-67dc26ea66c9,56.14,Bueno,3,294000.0,2,2,55,1,92.75,69.72,15.38,15.99
ef2b208a-b04a-46e8-a5e4-cc0d0971c439,56.09,Bueno,3,46450.0,3,3,31,1,69.08,83.21,23.08,35.58
7109edcf-9de3-4184-8a8c-fd6a0a8f59fb,56.01,Bueno,2,30050.0,2,2,4,1,61.75,69.72,15.38,87.52
3d2948f3-2f88-4b42-9ee2-d4dbc459573d,55.97,Bueno,2,43000.0,2,2,9,1,67.39,69.72,15.38,74.08
a3b85008-8947-4ea1-a9c3-3a27aa19256e,55.93,Bueno,2,147500.0,2,2,34,1,85.21,69.72,15.38,32.2
9fe5168b-8f67-4588-902f-4f49bc2e1e44,55.9,Bueno,3,6250.0,3,2,17,1,40.25,83.21,50.0,56.74
40c3294e-8b44-4f43-8744-277881bc7fbb,55.87,Bueno,6,11400.0,6,4,39,1,49.03,94.05,44.44,27.25
e79d7f21-dc76-4394-a8c9-3fb22cf2425b,55.82,Bueno,3,15450.0,3,2,25,1,52.84,83.21,40.0,43.46
c120da10-1f1a-4b53-9b68-8e12ecbcda00,55.79,Bueno,2,101400.0,1,1,3,1,81.22,30.16,25.0,90.48
d77a4aa0-5917-4edb-8ef6-62b97cf2e720,55.77,Bueno,2,53650.0,2,2,14,1,71.68,69.72,15.38,62.71
2bb6a356-bfdf-4eda-abcd-b1c13d28d050,55.77,Bueno,4,29100.0,4,3,42,1,61.23,89.22,33.33,24.66
137668fe-ab29-4b54-8118-902bd15e06f4,55.77,Bueno,3,38200.0,3,3,26,1,65.4,83.21,23.08,42.04
82d8876d-a2bc-4e7a-9ef4-706a9f477a9c,55.69,Bueno,3,165200.0,2,2,43,1,87.2,69.72,16.67,23.85
57e151d1-ad46-4217-bab3-aec35fb2dabc,55.58,Bueno,3,72000.0,3,2,51,1,75.66,83.21,22.22,18.27
f7bd38ea-2d6b-4f40-bfbd-e33ed5dc5a18,55.54,Bueno,2,73800.0,2,2,20,1,75.91,69.72,15.38,51.34
6edbe877-615a-4583-bdd4-65dac1c2a91d,55.5,Bueno,3,17000.0,2,2,10,1,54.26,69.72,33.33,71.65
9c9a7780-1dab-466c-a451-4b0884cf4a77,55.5,Bueno,2,20700.0,2,1,7,1,56.97,69.72,25.0,79.19
d79409ae-1c97-4515-b091-cd14b00d7828,55.45,Bueno,3,321050.0,2,2,70,1,93.48,69.72,15.38,9.7
9d58ae49-2568-48b7-92ac-f8e13d23a081,55.42,Bueno,3,6550.0,3,3,1,1,40.97,83.21,23.08,96.72
9662404b-376a-4ac0-9d48-075529822129,55.41,Bueno,3,50850.0,3,3,39,1,70.71,83.21,23.08,27.25
e6026f23-344f-4cbb-987a-d7c9a86808c0,55.38,Bueno,2,93750.0,2,2,27,1,80.01,69.72,15.38,40.66
0c184713-8ba1-485f-9925-4129959d1b3c,55.36,Bueno,3,3100.0,3,2,8,1,30.19,83.21,50.0,76.59
d05b8e4c-f920-413d-9142-76e3b44e311c,55.35,Bueno,3,63200.0,3,2,41,1,73.49,83.21,20.0,25.5
464dc0d6-85c4-421e-b70b-b79c496cf3b0,55.34,Bueno,3,35500.0,3,3,26,1,64.19,83.21,23.08,42.04
148773e1-6364-4b23-a73f-95a5fee792d6,55.34,Bueno,2,19400.0,2,2,18,1,56.22,69.72,40.0,54.88
7325c2a3-f706-41b9-9f5d-a70361d33b00,55.15,Bueno,5,24600.0,3,2,13,1,59.36,83.21,15.38,64.83
194b7466-45f4-4a12-b78f-46b066103f00,55.08,Bueno,4,47100.0,4,3,51,1,69.32,89.22,23.08,18.27
b9cc5ba0-034d-42db-bd73-fc4ededcda3b,55.06,Bueno,1,184600.0,1,1,11,1,88.22,30.16,25.0,69.3
2b5cd363-cb5b-4733-a15c-c262d0d93d2f,55.02,Bueno,2,17700.0,2,2,1,1,54.95,69.72,15.38,96.72
631aa053-d9cb-4cd9-9d83-39ed802b13de,54.97,Bueno,5,137400.0,2,2,55,1,84.54,69.72,22.22,15.99
91563ce1-12f8-4bdf-bea0-926cbf1b9dce,54.97,Bueno,5,464750.0,1,1,7,1,96.07,30.16,7.69,79.19
342a9bc2-0570-494c-9b94-4b3679861219,54.96,Bueno,2,9500.0,2,2,16,1,46.38,69.72,50.0,58.66
c1aa7b85-29a0-4d1e-ae0d-c94bee147265,54.91,Bueno,2,273250.0,2,2,72,1,92.21,69.72,15.38,9.07
0ec2511a-63cb-4a26-9434-8b902f60de9f,54.88,Bueno,6,49100.0,5,3,67,1,69.87,92.21,23.08,10.72
e14894d8-d019-4fa4-b886-b0937bcac4d7,54.85,Bueno,2,5050.0,2,2,7,1,37.26,69.72,50.0,79.19
c55664f3-ab5d-4c18-98a7-1939aa094dbe,54.84,Bueno,2,93000.0,2,2,29,1,79.59,69.72,15.38,38.03
b28421d6-dc8a-497e-a7b0-ce53a9c3851e,54.82,Bueno,2,126650.0,2,2,38,1,83.76,69.72,15.38,28.18
869fc83b-96b7-4665-9e75-b71639f231a9,54.51,Bueno,3,77100.0,2,2,25,1,76.33,69.72,15.38,43.46
7aac52b5-54ce-4f30-8d4a-d7bb91e4b796,54.48,Bueno,1,88950.0,1,1,4,1,78.74,30.16,25.0,87.52
6ed7f7cf-8db8-4cd4-a937-10ecc198fd4e,54.42,Bueno,4,31750.0,4,3,51,1,62.5,89.22,30.0,18.27
72b82278-d889-4f72-85b2-eaedf5447ad6,54.41,Bueno,2,30200.0,2,2,8,1,61.84,69.72,15.38,76.59
5a2d6cca-13a4-4519-9809-961dd50014c4,54.38,Bueno,2,15200.0,2,2,2,1,52.51,69.72,18.18,93.55
206f2b8b-9e19-48ca-a3c6-f62d96d7ad08,54.37,Bueno,2,39000.0,2,2,12,1,65.82,69.72,15.38,67.03
60b33f08-980a-4d38-918f-8f9bc98637b0,54.17,Bueno,6,30850.0,5,4,65,1,62.02,92.21,30.77,11.46
f83ddab0-c91e-4c09-9137-c55cc3bb6442,54.15,Bueno,1,620350.0,1,1,27,1,97.89,30.16,25.0,40.66
f7c3f3a2-0640-4caf-97b2-7d657ffe8147,54.12,Bueno,2,91000.0,2,2,32,1,79.11,69.72,15.38,34.42
d3a1695a-8e27-4662-ba23-99b0bd81bdf1,54.07,Bueno,3,88650.0,2,1,22,1,78.62,69.72,7.69,48.03
3f2cb09b-5feb-4233-bcad-1bf5d40a558e,54.02,Bueno,1,318650.0,1,1,7,1,93.36,30.16,7.69,79.19
adac204e-5bf5-49a6-86cb-b4479d03e346,54.01,Bueno,2,105900.0,2,2,39,1,81.85,69.72,15.38,27.25
5c0be4b6-980e-4bee-8132-1e8f79a75419,53.9,Bueno,2,2300.0,2,2,0,1,25.63,69.72,50.0,100.0
850cd02e-0f39-4760-b062-91e06c1c64d4,53.81,Bueno,3,48750.0,2,2,34,1,69.75,69.72,28.57,32.2
2ece8224-8907-435c-9703-8c74136b7e8d,53.79,Bueno,2,24200.0,2,1,14,1,59.15,69.72,25.0,62.71
fdef1586-a71d-4fcd-a405-8571584680d4,53.77,Bueno,2,6650.0,2,2,14,1,41.24,69.72,50.0,62.71
20fa49ee-6482-4dff-92c7-2892158e4437,53.69,Bueno,3,67500.0,2,2,40,1,74.46,69.72,25.0,26.36
c39afa3a-ce83-40a5-9adb-a42ce50fdc15,53.67,Bueno,2,56000.0,2,2,22,1,71.98,69.72,15.38,48.03
bee07b81-4dfe-4996-a6ce-26b66d018155,53.66,Bueno,2,2650.0,2,2,2,1,27.72,69.72,50.0,93.55
986774e4-4ad1-46f2-975e-895e75f55860,53.64,Bueno,2,59100.0,2,2,23,1,72.55,69.72,15.38,46.46
b92e89e3-1c94-4443-9c94-ba8dedb3767a,53.58,Bueno,3,7450.0,2,2,17,1,43.27,69.72,50.0,56.74
b5383d10-4b24-4003-b86f-a0595457832f,53.54,Bueno,3,79200.0,2,2,31,1,76.93,69.72,15.38,35.58
c4463f90-2ae1-4967-ad5f-47498b699d1c,53.54,Bueno,4,23150.0,4,3,33,1,58.48,89.22,23.08,33.29
807f7962-db26-4a13-88d9-73c987b7b76c,53.52,Bueno,1,331000.0,1,1,23,1,93.6,30.16,25.0,46.46
7d710c1b-41c7-4699-93b7-d3e9ecd4e29b,53.51,Bueno,2,10300.0,2,1,4,1,47.74,69.72,25.0,87.52
4a382981-3401-4400-b2c8-2f1e5f1f743d,53.49,Bueno,2,149200.0,2,2,56,1,85.42,69.72,15.38,15.46
4c764dad-c005-4e98-9cde-c271a93c4fe8,53.38,Bueno,3,20950.0,3,3,29,1,57.31,83.21,27.27,38.03
fdd9e679-aa4b-45f5-ac0b-993e7874d4e1,53.38,Bueno,5,9650.0,3,2,19,1,46.53,83.21,33.33,53.08
d0295de9-5322-4a89-9193-cd643786d6db,53.3,Bueno,2,19700.0,2,2,6,1,56.4,69.72,15.38,81.87
bef12242-8a83-4529-be9b-4bf9a9cc4b86,53.24,Bueno,5,162000.0,1,1,15,1,86.71,30.16,25.0,60.65
12c1a189-8305-4317-9208-ce4eae94a3b9,53.24,Bueno,1,211300.0,1,1,6,1,89.98,30.16,7.69,81.87
cff009e0-7f34-4187-888d-3ff064e2afd2,53.23,Bueno,5,7350.0,5,4,21,1,42.96,92.21,30.77,49.66
8762c286-cc59-4cfc-af6c-cb2fa9b92efa,53.23,Bueno,2,12900.0,2,2,13,1,50.69,69.72,33.33,64.83
bb4ff23f-e1fb-4947-aa39-32919c5bf5b0,53.16,Bueno,2,171150.0,2,2,77,1,87.8,69.72,15.38,7.68
15993d60-464a-4a7a-a221-7988c49c9f12,53.04,Bueno,2,19250.0,2,1,13,1,56.1,69.72,25.0,64.83
cae85c51-b974-4327-b1dd-44c789655e6b,53.03,Bueno,2,1656200.0,1,1,29,1,99.4,30.16,20.0,38.03
8c3db601-ad95-4651-890e-ebaaea2cf1f0,52.98,Bueno,1,424300.0,1,1,12,1,95.59,30.16,7.69,67.03
3231ed01-8dc2-47dd-bc6a-8e2bb0cb1fdf,52.86,Bueno,2,44350.0,2,2,20,1,68.24,69.72,15.38,51.34
c964f564-c476-44dc-b453-93cd69699ce5,52.85,Bueno,4,7650.0,4,3,28,1,43.63,89.22,37.5,39.32
d7c261b5-5997-41b2-9237-980d2ad4edaf,52.79,Bueno,2,56200.0,2,2,26,1,72.04,69.72,15.38,42.04
64ee88c3-e095-452d-a913-a9c6b2c29179,52.79,Bueno,8,141500.0,2,2,64,1,84.96,69.72,15.38,11.84
ab68b6ff-8dff-498b-93f8-b84dbe06a018,52.78,Bueno,2,65500.0,1,1,4,1,73.88,30.16,25.0,87.52
8860e98f-c6f6-44c9-bd8b-c839d98946eb,52.72,Bueno,2,69600.0,2,2,32,1,75.09,69.72,15.38,34.42
70be8145-a5c9-49c2-8c19-8ea7dbc6eca4,52.71,Bueno,2,70250.0,2,2,45,1,75.36,69.72,22.22,22.31
e3468359-2a96-4ded-95d4-2381b5b2652f,52.71,Bueno,4,9300.0,4,2,28,1,46.2,89.22,33.33,39.32
5635e9ca-7513-4dbb-a2a8-b61cadae80cc,52.68,Bueno,4,92800.0,2,1,30,1,79.47,69.72,7.69,36.79
e69b8735-fac3-4590-a18d-e5fff7fe30c6,52.66,Bueno,2,50300.0,2,2,24,1,70.41,69.72,15.38,44.93
b6b590cd-51c4-4e1b-9c4e-81040654afd9,52.6,Bueno,3,25750.0,2,2,19,1,59.87,69.72,25.0,53.08
48ad98c1-7ea9-4b7d-97ba-dd920c36e618,52.58,Bueno,2,10400.0,2,2,1,1,47.98,69.72,15.38,96.72
afb38040-579b-42b5-9c58-a3544521b55d,52.52,Bueno,3,134250.0,2,2,65,1,84.36,69.72,15.38,11.46
26c8dbcd-8119-44b6-a29e-f258b2e67fd4,52.5,Bueno,2,6000.0,2,1,0,1,39.49,69.72,25.0,100.0
d0892814-83ab-4a79-b610-f1fbb82bc741,52.49,Bueno,3,7650.0,3,3,29,1,43.63,83.21,42.86,38.03
29f5838e-e800-402d-a705-20482d5baeb1,52.48,Bueno,1,200000.0,1,1,21,1,89.25,30.16,25.0,49.66
4a4db949-3a2c-4cd0-b320-c15f618b6074,52.47,Bueno,3,69000.0,1,1,1,1,75.0,30.16,16.67,96.72
173a6300-2e35-4eae-acc1-6fa7d5a263ab,52.46,Bueno,2,37900.0,2,1,22,1,65.22,69.72,20.0,48.03
f8a4fe1e-f134-4cb7-9668-170c5afc97c4,52.41,Bueno,2,8000.0,2,2,23,1,44.32,69.72,50.0,46.46
be7e373c-2447-4da6-8ac1-c7156dfbcc53,52.34,Bueno,2,44250.0,2,2,22,1,68.18,69.72,15.38,48.03
6912494e-76c4-4faf-a2ec-8ca81de650fd,52.29,Bueno,2,15650.0,2,1,12,1,53.02,69.72,25.0,67.03
d0952121-1189-4b42-8bcb-4964da69d7af,52.27,Bueno,1,246200.0,1,1,25,1,91.3,30.16,25.0,43.46
a458922f-d550-40c6-a3e4-4e5cba46a66e,52.26,Bueno,1,92600.0,1,1,0,1,79.41,30.16,7.69,100.0
fad35e3e-483b-40f5-a073-297b8b096164,52.24,Bueno,3,12100.0,3,3,18,1,49.82,83.21,23.08,54.88
4ef1d86f-dd18-4580-a39f-9345470c6ec7,52.18,Bueno,4,7000.0,4,3,29,1,42.27,89.22,37.5,38.03
0ed3ae17-2595-4c2a-9f7e-161c8ee921d4,52.17,Bueno,1,152150.0,1,1,5,1,85.75,30.16,7.69,84.65
b6b9f1c1-d501-47ec-bffc-09f531eb37fd,52.17,Bueno,2,5400.0,2,2,16,1,38.41,69.72,50.0,58.66
f0c66434-6368-4ebb-ab2e-b7fb91952990,52.08,Bueno,3,6600.0,3,3,9,1,41.12,83.21,23.08,74.08
d85f843d-ff4b-4bb8-94ec-687942f69880,51.97,Bueno,1,240650.0,1,1,26,1,91.06,30.16,25.0,42.04
7394057f-eaad-453c-b75f-4e58853af3ae,51.95,Bueno,1,259200.0,1,1,27,1,91.61,30.16,25.0,40.66
b40b26c4-b92e-4ef4-9fcf-f6bbd78843ba,51.92,Bueno,3,17450.0,3,3,32,1,54.68,83.21,27.27,34.42
99bdae82-fea5-41b2-bc7d-3bbe98d9725e,51.88,Bueno,2,65750.0,2,2,37,1,74.03,69.72,16.67,29.13
7f4c928f-2c64-4cd1-b39b-c12dde5e0590,51.82,Bueno,3,14350.0,3,3,27,1,51.72,83.21,27.27,40.66
b437c6cf-f1b6-4740-adb5-0a84625037f6,51.81,Bueno,3,200200.0,1,1,24,1,89.37,30.16,25.0,44.93
6571da4c-dec1-4cf6-9c8b-79b3f640d414,51.79,Bueno,1,68100.0,1,1,4,1,74.64,30.16,20.0,87.52
de1ca53b-c6c0-4339-973d-09b5da447e38,51.74,Bueno,2,12800.0,2,1,11,1,50.48,69.72,25.0,69.3
1df3064b-8b74-48ad-b580-8a342b68d559,51.68,Bueno,3,22300.0,3,2,24,1,57.97,83.21,15.38,44.93
6878fd5f-9d9f-4f62-889d-801141f4ded3,51.66,Bueno,2,184850.0,2,1,71,1,88.29,69.72,7.69,9.38
e6e2ff3e-71c8-4a31-a058-8c5e2126fcf6,51.64,Bueno,2,474350.0,1,1,17,1,96.2,30.16,7.69,56.74
615f1dbd-33db-48f1-802f-0555835381f4,51.64,Bueno,4,42550.0,4,2,61,1,67.21,89.22,15.38,13.09
0825ee6b-82da-4130-9570-87a6287f11fd,51.59,Bueno,3,17150.0,3,3,30,1,54.35,83.21,25.0,36.79
34c9a8d7-ad77-42e8-853c-3f4d48ab4955,51.59,Bueno,1,109100.0,1,1,15,1,82.0,30.16,25.0,60.65
915ca08a-b8c8-4eee-81c9-903e8181e697,51.59,Bueno,3,36650.0,3,3,55,1,64.61,83.21,23.08,15.99
3939fc73-ab5f-425b-850b-a7e108246c0c,51.55,Bueno,3,31700.0,3,3,47,1,62.41,83.21,23.08,20.87
df26da03-3b06-4d8d-a0ab-b15e1788c640,51.52,Bueno,2,219550.0,1,1,11,1,90.46,30.16,7.69,69.3
f45c27b3-de9c-4997-a53d-4669c3414b8a,51.51,Bueno,7,109700.0,2,1,53,1,82.13,69.72,11.11,17.09
73f01a89-45d1-4ac8-b12f-49c7654af8ed,51.5,Bueno,2,86850.0,2,2,50,1,78.26,69.72,15.38,18.89
8390c931-02f8-4a59-924b-5299306af556,51.44,Bueno,2,87400.0,2,2,60,1,78.38,69.72,18.18,13.53
c6a08729-d2a2-446e-864b-e0aa4883157e,51.41,Bueno,2,40000.0,2,2,23,1,66.18,69.72,15.38,46.46
bcdcbe6f-be25-443e-bada-8c20b73b0a44,51.32,Bueno,2,704500.0,1,1,21,1,98.31,30.16,7.69,49.66
c23fd2fa-c07d-4501-8628-b0d3b815dbfd,51.29,Bueno,3,35800.0,3,2,55,1,64.37,83.21,22.22,15.99
5dbfd538-8c85-414b-b8c8-1bca8649ef80,51.23,Bueno,3,8700.0,3,2,15,1,45.08,83.21,22.22,60.65
f8fef9b7-447a-43c8-bcde-4226d9fb3f37,51.15,Bueno,3,4600.0,3,3,6,1,35.14,83.21,23.08,81.87
7ee1a090-d7cd-4321-adb4-9380dce53053,51.15,Bueno,2,4200.0,2,2,14,1,33.76,69.72,50.0,62.71
89ac2c18-b838-4423-9656-230e7d1518b6,51.15,Bueno,2,8900.0,2,2,2,1,45.26,69.72,15.38,93.55
d69ff069-275b-4d91-afb0-1801b938ba96,51.13,Bueno,2,17400.0,2,2,10,1,54.59,69.72,15.38,71.65
390cf3d9-ac6d-4df0-a459-a62b91b0c889,51.11,Bueno,2,3900.0,2,2,13,1,32.73,69.72,50.0,64.83
811802ed-c2ee-4be2-9464-d6ecfb573206,51.1,Bueno,4,90650.0,2,2,70,1,79.05,69.72,18.18,9.7
63c7be21-daf4-47a2-b335-ad438443b466,51.08,Bueno,3,20800.0,3,3,36,1,57.13,83.21,23.08,30.12
d341ea79-5241-4737-ada9-d3ce134b703e,51.07,Bueno,2,36600.0,2,2,22,1,64.55,69.72,15.38,48.03
c9faa989-7ca8-4c76-b2db-3b4dc149506f,51.06,Bueno,2,3200.0,2,2,11,1,30.68,69.72,50.0,69.3
f55eea19-f43d-4b0c-a587-e717d7f8fb08,51.04,Bueno,2,19300.0,2,1,20,1,56.16,69.72,25.0,51.34
c370b73e-7315-43a6-9005-1e0163f4e353,51.0,Bueno,3,26150.0,3,2,33,1,60.11,83.21,16.67,33.29
91dced1a-9468-42fa-a94a-f75c5f1b763a,50.97,Bueno,5,10100.0,5,4,42,1,47.22,92.21,30.77,24.66
116b91d7-f7bd-4998-b770-f3d40fcaa005,50.94,Bueno,3,14750.0,2,2,23,1,52.02,69.72,33.33,46.46
3aae1ab1-bfff-4314-a464-c63599c01aac,50.81,Bueno,3,34600.0,3,2,41,1,63.83,83.21,15.38,25.5
7b6959e7-7d76-47a8-978a-222465f9ae45,50.81,Bueno,2,157000.0,2,1,73,1,86.11,69.72,7.69,8.77
f4dbcae5-402e-4165-8f19-d42c3879448a,50.75,Bueno,2,16350.0,2,1,18,1,53.83,69.72,25.0,54.88
17832d77-72b3-4a7c-9dcb-12e46ba16277,50.7,Bueno,1,92300.0,1,1,6,1,79.29,30.16,12.5,81.87
e6175929-b5ce-40b6-9048-7b19d992b358,50.65,Bueno,2,530400.0,1,1,22,1,97.1,30.16,7.69,48.03
8502f265-c7fc-4e2f-bcfe-0986c271fbf3,50.62,Bueno,5,93050.0,2,2,78,1,79.74,69.72,16.67,7.43
a8b044cc-9fd0-4b60-9fb9-0631d982e0f9,50.62,Bueno,3,122000.0,1,1,20,1,83.21,30.16,25.0,51.34
3de728c0-75de-4ad7-8a99-64c7687e4b23,50.55,Bueno,3,47300.0,2,2,33,2,69.38,69.72,15.38,33.29
b38705e3-7ba2-48ba-9271-3d9183ae74f6,50.49,Bueno,4,89550.0,2,2,67,1,78.86,69.72,15.38,10.72
ee8833b0-c89b-4555-82b9-6ddd9e03bf73,50.4,Bueno,2,46150.0,2,2,33,1,68.96,69.72,15.38,33.29
be62be3b-d6cc-46c1-8844-ca3b742630c1,50.39,Bueno,2,1550.0,2,2,4,1,20.95,69.72,50.0,87.52
dd2fafc3-4736-4b5d-975e-cea358fb7a98,50.37,Bueno,1,105700.0,1,1,19,1,81.76,30.16,25.0,53.08
b08ae911-2444-4d83-a001-b19110307722,50.35,Bueno,2,5800.0,2,2,24,1,39.1,69.72,50.0,44.93
bf5c2ec0-855a-431c-81d8-761b610a27a9,50.34,Bueno,2,66000.0,2,2,47,1,74.09,69.72,15.38,20.87
08b8c69e-b92a-4f85-9023-a90b6649ded7,50.34,Bueno,1,163900.0,1,1,11,1,87.08,30.16,7.69,69.3
851d5a3d-8186-4676-bdb4-b1cda940538b,50.24,Bueno,2,8900.0,2,2,4,1,45.26,69.72,15.38,87.52
39c51926-a7ac-47e5-b396-5d86f6e85c90,50.23,Bueno,1,94650.0,1,1,5,1,80.19,30.16,7.69,84.65
d7eade4d-1cc2-45cf-97dc-9fc4af606484,50.22,Bueno,3,7150.0,3,2,18,1,42.66,83.21,25.0,54.88
40bc63c7-4ef1-420e-9e99-6c473b5fe5b1,50.2,Bueno,2,6750.0,2,2,18,1,41.55,69.72,40.0,54.88
5d2e0ee6-b02b-4840-a40c-19aa274a0109,50.2,Bueno,3,27500.0,3,3,55,1,60.66,83.21,23.08,15.99
148a2d30-9901-41f5-82a1-54cef5162e73,50.19,Bueno,2,86200.0,2,2,68,1,78.17,69.72,15.38,10.37
affb0db3-4697-4e31-9829-374b8d923234,50.17,Bueno,2,164600.0,1,1,19,1,87.14,30.16,16.67,53.08
47f136d7-82cf-442d-995e-1b52caaca5a3,50.15,Bueno,3,10200.0,3,3,23,1,47.46,83.21,23.08,46.46
60bb185b-31eb-4d23-9634-2351860ed586,50.15,Bueno,2,4400.0,2,1,1,1,34.18,69.72,25.0,96.72
bdd61bdc-cf48-4b21-886a-3469010c10b8,50.14,Bueno,1,62550.0,1,1,0,1,73.37,30.16,7.69,100.0
8217108e-6712-4435-a416-8eac40b840d9,50.08,Bueno,3,3850.0,3,2,2,1,32.58,83.21,15.38,93.55
123679d4-8fc5-46f6-a2bc-f8b61c434d40,50.04,Bueno,2,74250.0,2,2,58,1,76.0,69.72,15.38,14.47
4df4bedd-15cf-4e3e-a176-602e71cfd311,50.03,Bueno,1,193200.0,1,1,18,1,88.95,30.16,12.5,54.88
3baec3ad-7a5a-4ed8-8409-176d79f76885,50.0,Bueno,2,31250.0,2,2,23,1,62.17,69.72,15.38,46.46
714e25ab-f92f-4459-808b-f6e87b9d85bf,49.75,Regular,3,25250.0,3,3,56,1,59.6,83.21,23.08,15.46
8008b01f-1808-4aad-922e-b69302040fc2,49.74,Regular,3,82650.0,2,2,74,1,77.69,69.72,15.38,8.49
98b1b27a-d3b0-4e8c-937a-094eec5087cd,49.71,Regular,1,523600.0,1,1,26,1,96.98,30.16,7.69,42.04
c9be21c7-d07d-4223-95fe-3c16beae6f51,49.64,Regular,2,31700.0,2,2,25,1,62.41,69.72,15.38,43.46
31346d1f-9c55-4865-925c-97a76fea1007,49.64,Regular,1,55550.0,1,1,0,1,71.92,30.16,7.69,100.0
c5ce8097-edf5-4de1-a801-9df8057b9c25,49.62,Regular,2,269300.0,1,1,19,1,91.97,30.16,7.69,53.08
4c44ad33-34f0-4114-8db7-13b4e5477ec7,49.55,Regular,4,308700.0,1,1,21,1,93.24,30.16,7.69,49.66
af3ca145-519f-467d-8938-9cf7e898f6b4,49.52,Regular,3,1350.0,3,2,13,1,18.54,83.21,50.0,64.83
9fcd7fab-970d-42e2-be52-982c47e05a71,49.46,Regular,1,236250.0,1,1,18,1,90.76,30.16,7.69,54.88
a64a5b84-d565-45a0-9ba2-f46a23b09eb4,49.43,Regular,2,34500.0,2,2,32,1,63.71,69.72,18.18,34.42
ac2e6121-081d-4aa7-81cd-b16555be3cc3,49.38,Regular,2,7800.0,2,2,14,1,43.99,69.72,28.57,62.71
949d4539-a1cb-46c8-ba6a-86c2c016d280,49.33,Regular,2,10850.0,2,2,9,1,48.4,69.72,15.38,74.08
d9abb0d1-b466-4a6a-9331-bb78b933fabf,49.28,Regular,1,142500.0,1,1,12,1,85.02,30.16,7.69,67.03
146c1622-4af9-4f46-8759-207aed942c56,49.13,Regular,2,9000.0,2,2,29,1,45.71,69.72,40.0,38.03
6420f749-53c0-49ca-8fb0-e84ae14f9102,49.13,Regular,2,17200.0,2,2,16,1,54.44,69.72,15.38,58.66
e4014750-3873-4865-b681-459fc00cda2e,49.1,Regular,2,28000.0,2,2,34,1,60.81,69.72,22.22,32.2
7711075a-4e09-430d-8ce2-180ccdc8678e,49.07,Regular,2,8350.0,2,1,13,1,44.75,69.72,25.0,64.83
1ecfeb68-a30d-477a-b122-b851bf3ab312,48.97,Regular,2,170750.0,1,1,16,1,87.74,30.16,7.69,58.66
807c57c8-920b-4778-8a9d-c8ee1a7df7d0,48.94,Regular,4,24250.0,3,2,55,1,59.24,83.21,20.0,15.99
4f9d75db-c8f4-448d-95fa-7fa91065f5fe,48.92,Regular,2,16350.0,2,2,16,1,53.83,69.72,15.38,58.66
e1a6b3db-6443-4248-ade4-0e970ece2208,48.9,Regular,1,74250.0,1,1,17,1,76.0,30.16,25.0,56.74
0c81e07e-e0e7-450e-878c-b3fef4f931e5,48.89,Regular,3,7450.0,3,2,15,1,43.27,83.21,15.38,60.65
ab7be901-0612-456c-b8d3-470c67839f48,48.89,Regular,2,20550.0,2,2,20,1,56.88,69.72,15.38,51.34
5ff4a11c-e5d3-4a29-b94c-74ac58014e1a,48.87,Regular,2,7000.0,2,1,11,1,42.27,69.72,25.0,69.3
15d9d138-15b8-4278-9b6d-bc291ca44036,48.86,Regular,1,65300.0,1,1,3,1,73.79,30.16,7.69,90.48
2986bc93-4885-4b9c-a063-5d389f5f1173,48.82,Regular,3,9400.0,3,2,19,1,46.32,83.21,15.38,53.08
0a8bbb74-a276-4434-895c-b30a94c04dee,48.68,Regular,2,52100.0,1,1,12,1,70.95,30.16,25.0,67.03
bc9dcc6f-37b4-455f-a8e9-5b726c4b4e13,48.63,Regular,3,33500.0,2,2,32,1,63.41,69.72,15.38,34.42
daf5313b-0f27-449f-ba9e-778931098522,48.61,Regular,3,17950.0,3,3,51,1,55.13,83.21,23.08,18.27
0a423f6d-bfa4-48e6-b466-d6dd43a8a56a,48.55,Regular,3,11050.0,2,1,15,1,48.64,69.72,20.0,60.65
83efeba2-d3c6-45bf-a017-885370f7ab5f,48.51,Regular,1,299600.0,1,1,25,1,92.93,30.16,7.69,43.46
f0b80734-a89c-41c6-96f5-69953622ee4e,48.5,Regular,1,30000.0,1,1,4,1,61.65,30.16,25.0,87.52
ffaace49-8a5c-4030-a791-8815b5314283,48.48,Regular,1,97800.0,1,1,10,1,80.77,30.16,7.69,71.65
590f3d8e-c856-4920-ae60-4570ef2d2200,48.46,Regular,1,32100.0,1,1,5,1,62.77,30.16,25.0,84.65
98dddd9d-600e-4dfe-9ef4-3167d6d2b2e8,48.44,Regular,2,10000.0,2,2,21,1,46.92,69.72,28.57,49.66
3fe06d9d-1b9c-4753-bd18-7682aed90031,48.43,Regular,2,36800.0,2,2,36,1,64.67,69.72,15.38,30.12
035394c4-c8ee-4da0-ba64-177cf7824125,48.43,Regular,1,291900.0,1,1,25,1,92.69,30.16,7.69,43.46
0188c349-014b-46de-9cfa-15e714941d03,48.41,Regular,3,23900.0,3,3,75,1,58.88,83.21,23.08,8.21
b897938d-c493-401c-959a-cb058dea1952,48.39,Regular,2,5100.0,2,2,2,1,37.38,69.72,15.38,93.55
5b9a4602-14d6-4752-ab31-3b8e5a12fa94,48.37,Regular,2,36000.0,2,2,50,1,64.43,69.72,22.22,18.89
03bd0743-9515-4f29-8cbe-6d66bc30e581,48.32,Regular,2,6800.0,2,2,19,1,41.7,69.72,33.33,53.08
b4b6030f-d60d-418b-9109-1023468f23f2,48.14,Regular,1,52800.0,1,1,14,1,71.26,30.16,25.0,62.71
b83a27f5-8c7d-494e-966c-8e8a4236d74c,48.13,Regular,2,23000.0,2,2,39,1,58.18,69.72,25.0,27.25
db8690c9-6782-4c8a-984e-f6eff527307c,48.1,Regular,3,470850.0,1,1,33,1,96.14,30.16,7.69,33.29
c4659c77-54b2-4bf8-8209-55a41435e35c,48.09,Regular,2,14950.0,2,2,17,1,52.29,69.72,15.38,56.74
13f81c0a-0ea4-4f43-b1fc-b567825d1a32,48.08,Regular,2,12850.0,2,2,15,1,50.6,69.72,15.38,60.65
1ccb2549-70fa-4653-9f64-f872276907d4,48.08,Regular,5,13000.0,3,3,42,1,50.88,83.21,23.08,24.66
0f81ce73-a7f7-4ba9-badf-e5f75b988458,48.03,Regular,3,50750.0,2,2,60,1,70.65,69.72,15.38,13.53
4d6d7fbc-cf77-4954-9fd3-69d2ea303901,48.03,Regular,1,21800.0,1,1,2,1,57.73,30.16,25.0,93.55
1383e0ce-ff0a-4a0b-91b5-4058c61e6f12,48.0,Regular,2,27400.0,2,1,21,1,60.57,69.72,7.69,49.66
be5cff91-8cdd-4dad-9e5c-6e149a94226a,48.0,Regular,1,40000.0,1,1,4,1,66.18,30.16,16.67,87.52
fa23e5e1-7e16-448c-ad1e-8377168cc87f,48.0,Regular,2,8500.0,2,2,25,1,44.9,69.72,33.33,43.46
ac212946-1ead-4719-9d1c-e3ae9b5d506b,47.98,Regular,2,441800.0,1,1,45,1,95.77,30.16,14.29,22.31
ee7fcfbd-22c3-434e-80c6-eda936c4fe67,47.98,Regular,2,82200.0,2,1,72,1,77.45,69.72,8.33,9.07
a330150a-70a6-47b9-af72-b46e22105417,47.94,Regular,1,189800.0,1,1,21,1,88.65,30.16,7.69,49.66
cab30ca0-4466-4673-8b37-2a81f1b055ec,47.9,Regular,1,149200.0,1,1,19,1,85.42,30.16,10.0,53.08
991cc21e-4c55-4ec9-aafa-36f26c18d116,47.85,Regular,2,14300.0,2,2,17,1,51.6,69.72,15.38,56.74
fc75e6bc-6971-442f-8e51-99d1ef99eed1,47.8,Regular,2,642150.0,1,1,50,1,98.01,30.16,12.5,18.89
8979f44c-5517-448e-b804-7255450f8fc2,47.71,Regular,1,1361900.0,1,1,56,1,99.21,30.16,12.5,15.46
f3816bf0-8e04-4355-a665-a3c8e737ce2b,47.65,Regular,1,129300.0,1,1,18,1,83.94,30.16,10.0,54.88
ec88aa28-4ed7-4fb9-9ada-e192351cdfa6,47.63,Regular,1,341450.0,1,1,42,1,93.78,30.16,14.29,24.66
b4faafc0-c070-4044-ad0e-e3f9a0f5eba4,47.6,Regular,1,20000.0,1,1,2,1,56.49,30.16,25.0,93.55
32824f55-1aee-4c98-b1d8-c7855bb6d349,47.52,Regular,1,211900.0,1,1,25,1,90.1,30.16,7.69,43.46
8227b72b-47ff-4c71-acb9-09b37ce2019a,47.48,Regular,3,8700.0,2,2,13,1,45.08,69.72,18.18,64.83
276dc009-8edf-4f89-b5d9-1bb03deaafb6,47.47,Regular,3,483700.0,1,1,42,1,96.38,30.16,10.0,24.66
f76b9de6-fc29-4245-b9bf-922f85980374,47.47,Regular,2,9550.0,2,2,18,1,46.44,69.72,22.22,54.88
1e9a936d-1a67-47fb-afb8-f887942fc181,47.47,Regular,1,105000.0,1,1,14,1,81.7,30.16,7.69,62.71
0738a53e-0c71-46c8-987c-367972e24c41,47.37,Regular,1,93000.0,1,1,12,1,79.59,30.16,7.69,67.03
ba7f2db9-16e4-4ca0-abc6-0dc30286bc11,47.31,Regular,2,18800.0,2,2,25,1,55.77,69.72,15.38,43.46
770fd7ba-310b-4636-874d-ff44928fb978,47.3,Regular,3,8950.0,3,3,34,1,45.41,83.21,23.08,32.2
3039b139-bd8d-484f-9a62-19f2943e91e0,47.29,Regular,2,16300.0,2,2,22,1,53.74,69.72,15.38,48.03
f8f9389c-2701-4ed6-a05b-fdd79d32971d,47.29,Regular,3,49900.0,2,2,77,1,70.11,69.72,16.67,7.68
7bf93a7d-f9ba-49b7-8786-49627d09e172,47.21,Regular,1,50200.0,1,1,8,1,70.32,30.16,14.29,76.59
002a5f4d-a93d-4cc5-b089-e16169bc16a2,47.21,Regular,1,259000.0,1,1,29,1,91.55,30.16,7.69,38.03
9eca2241-2d6d-490c-9789-0058e837fa9f,47.17,Regular,1,484700.0,1,1,40,1,96.44,30.16,7.69,26.36
a47e6be8-e68f-4ed1-8f33-3deb7241591c,47.16,Regular,2,1379950.0,1,1,59,1,99.28,30.16,11.11,13.99
f2946c9b-7582-4800-b85b-a4815e709004,47.11,Regular,3,5350.0,2,1,12,1,38.22,69.72,25.0,67.03
190f0dcc-02b9-4bdb-a0e1-8230c54a9ffb,47.11,Regular,2,20950.0,2,1,20,1,57.31,69.72,7.69,51.34
81dee00c-220d-45fd-a9a1-5f4ed152ab85,47.0,Regular,14,10250.0,5,3,69,1,47.64,92.21,23.08,10.03
45b029f8-0096-4733-b0ef-c5f398f59f76,46.96,Regular,1,253500.0,1,1,41,1,91.49,30.16,14.29,25.5
cee5ee5c-50ab-45ae-8366-98fa4d83fd5b,46.87,Regular,2,34650.0,2,2,46,1,63.89,69.72,15.38,21.58
9fde0ff1-efd3-41f9-a691-d2ab12cee7a7,46.72,Regular,1,20100.0,1,1,4,1,56.58,30.16,25.0,87.52
cedbeba5-675f-48f5-b7d1-47f63bcf7c58,46.71,Regular,1,40050.0,1,1,2,1,66.33,30.16,7.69,93.55
5ac5853c-98c9-4e8f-9cd2-eb5f3cfab4e3,46.7,Regular,2,4600.0,2,2,4,1,35.14,69.72,15.38,87.52
6baa53b2-b3c4-4cbf-be03-2e2dc2435b79,46.55,Regular,1,161600.0,1,1,36,1,86.65,30.16,16.67,30.12
d97b8091-6a51-4c72-b820-b48f016bb09c,46.5,Regular,2,18800.0,2,2,29,1,55.77,69.72,15.38,38.03
ca5e176d-0446-4b7b-b4e5-d69279d28c7f,46.48,Regular,2,32850.0,2,2,47,1,63.07,69.72,15.38,20.87
ac648e91-038b-4a97-a8f6-4a926f0bb321,46.47,Regular,2,15350.0,2,2,24,1,52.72,69.72,15.38,44.93
439ced05-b2ee-4475-9e4f-3c64850729d0,46.44,Regular,2,38000.0,2,2,56,1,65.28,69.72,15.38,15.46
256d2eac-06e6-40de-b5af-078b2b6fb86f,46.44,Regular,1,50600.0,1,1,19,1,70.53,30.16,25.0,53.08
3fb75a20-7af6-4872-878f-6b71e9066782,46.42,Regular,2,24000.0,2,2,36,1,58.94,69.72,15.38,30.12
5354581d-d2a0-4547-91a5-3123231c3bb4,46.38,Regular,2,148200.0,1,1,34,1,85.27,30.16,16.67,32.2
3195220e-10d9-4013-b837-28d7f1d92c3b,46.37,Regular,2,37200.0,2,2,55,1,64.86,69.72,15.38,15.99
129fb27b-ce87-4a19-bdd3-e489819a725d,46.33,Regular,2,335450.0,1,1,39,1,93.66,30.16,7.69,27.25
8ceb044a-68f2-446a-b375-4810f3784b5a,46.3,Regular,2,31800.0,2,2,47,1,62.56,69.72,15.38,20.87
758e1ab0-acef-4d78-b4bb-f847bda17b65,46.3,Regular,1,71600.0,1,1,11,1,75.54,30.16,7.69,69.3
e850bd42-caee-4c19-a087-4680cb2542a0,46.25,Regular,3,269500.0,1,1,49,1,92.03,30.16,14.29,19.53
bbae583b-2e74-4f05-98fb-42d328c169cb,46.25,Regular,2,263700.0,1,1,48,1,91.73,30.16,14.29,20.19
662c2f5f-7793-44b3-9f19-bdc3fe5ddc56,46.14,Regular,2,624750.0,1,1,55,1,97.95,30.16,7.69,15.99
34ae0339-c01f-4dc2-9d46-251c02db08f9,46.13,Regular,1,80200.0,1,1,15,1,77.11,30.16,10.0,60.65
ded630be-0b2c-4d5d-9969-2107a3c48675,46.09,Regular,2,2900.0,2,1,6,1,28.96,69.72,25.0,81.87
c972bbf7-daef-4347-851f-9164fa5e6c2e,46.09,Regular,3,3050.0,3,2,20,1,29.83,83.21,28.57,51.34
4dc2dfdf-c7dc-4e58-af71-b0fb676cd692,46.05,Regular,1,51350.0,1,1,21,1,70.89,30.16,25.0,49.66
bec474d7-fc66-4c16-846c-d8c2acd210de,46.05,Regular,1,169500.0,1,1,28,1,87.68,30.16,7.69,39.32
c5c00189-f7ec-4c94-b080-05e93e687a1e,46.04,Regular,2,32100.0,2,2,59,1,62.77,69.72,18.18,13.99
4cd7f305-c851-44a1-93c5-61505547a2ff,46.0,Regular,2,38750.0,2,2,64,1,65.58,69.72,15.38,11.84
5c088570-4261-446b-915c-2dd18917e660,45.94,Regular,3,6050.0,3,2,33,1,39.7,83.21,25.0,33.29
7fa92d9c-02fc-42e6-b357-193d88cb37b0,45.86,Regular,2,3700.0,2,2,16,1,32.28,69.72,33.33,58.66
41ddb2ce-4637-48e2-959d-f77d58785056,45.83,Regular,1,56550.0,1,1,9,1,72.16,30.16,7.69,74.08
277f4ccb-435d-44dc-925f-c6e36603b458,45.83,Regular,1,100900.0,1,1,19,1,81.16,30.16,7.69,53.08
f657e5b6-746f-4dcb-841f-faacd5692f69,45.8,Regular,1,77150.0,1,1,25,1,76.39,30.16,20.0,43.46
68aa1143-69ab-420c-99ac-66600f25b717,45.79,Regular,2,9650.0,2,2,18,1,46.53,69.72,15.38,54.88
69f6fc43-79d1-411a-8152-039ddca0cc5a,45.79,Regular,3,7350.0,3,3,42,1,42.96,83.21,25.0,24.66
7a5765df-660a-4cad-987f-26dd990442b6,45.79,Regular,2,43250.0,2,2,86,1,67.6,69.72,15.38,5.69
aabd868d-39db-417d-94d4-a9a631257498,45.78,Regular,1,51000.0,1,1,22,1,70.8,30.16,25.0,48.03
e23c6cdd-bdf9-47dc-914a-409f0fbb487b,45.67,Regular,2,12000.0,1,1,1,1,49.64,30.16,25.0,96.72
e7039b75-2272-4d17-8403-e1a48efa4b02,45.61,Regular,1,93050.0,1,1,18,1,79.74,30.16,7.69,54.88
cbcf3742-a9e6-4291-b107-bd8df91165ce,45.59,Regular,3,400200.0,1,1,50,1,95.11,30.16,7.69,18.89
84eb6cab-5005-42a9-a3ac-b96bba880c01,45.53,Regular,3,32050.0,2,2,56,1,62.68,69.72,15.38,15.46
9e89a3ca-abbb-40c0-bbcd-4e64242ab235,45.51,Regular,2,33450.0,2,2,59,1,63.25,69.72,15.38,13.99
c52e841f-f21f-4dcd-b443-4d9d974112ea,45.47,Regular,1,602100.0,1,1,67,1,97.83,30.16,8.33,10.72
e1b74f46-b62b-4bd0-996d-f17f28ab1d47,45.47,Regular,1,281150.0,1,1,50,1,92.33,30.16,11.11,18.89
dbf95504-7df8-4799-95e5-d38339cf8e2b,45.46,Regular,1,356700.0,1,1,58,1,94.2,30.16,11.11,14.47
be0f156a-5605-4d1c-89b9-02081b8c8fa1,45.45,Regular,2,736650.0,1,1,76,1,98.43,30.16,9.09,7.94
08a2c092-3f50-4044-a89d-6c9f2db93a46,45.44,Regular,2,25200.0,2,2,58,1,59.54,69.72,20.0,14.47
bd6afd1c-1b53-4d69-bc23-4e23fb33a155,45.36,Regular,2,21500.0,2,2,40,1,57.52,69.72,15.38,26.36
3e72c34f-8f3c-49c4-9afd-b5271fd50256,45.31,Regular,3,34550.0,2,2,65,1,63.77,69.72,15.38,11.46
4700726d-6feb-4347-99e0-69b80ea95597,45.27,Regular,2,573150.0,1,1,65,1,97.4,30.16,7.69,11.46
1fb65cb7-7b37-466b-8ba2-c48c9e452150,45.27,Regular,2,3700.0,2,2,5,1,32.28,69.72,15.38,84.65
7b10f643-9552-47f9-b69e-bf06cfdedcef,45.24,Regular,2,163350.0,1,1,31,1,86.96,30.16,7.69,35.58
54f07260-8f54-4cf6-9c2b-ecfc2be1d234,45.17,Regular,1,34300.0,1,1,15,1,63.65,30.16,25.0,60.65
8c772110-0572-44e4-b866-9b12a4c03ec6,45.13,Regular,2,8950.0,2,2,19,1,45.41,69.72,15.38,53.08
0485b22a-c87d-4c56-87dc-72e0f5a1d97c,45.12,Regular,7,646600.0,1,1,73,1,98.13,30.16,7.69,8.77
62770798-0d03-4a05-af9f-7a6ac3809726,44.94,Regular,2,34750.0,2,2,74,1,63.98,69.72,15.38,8.49
55c6a2be-ca8b-4d10-bde7-7e48985b8432,44.85,Regular,2,284000.0,1,1,48,1,92.45,30.16,7.69,20.19
dcbb3388-e84c-4dd8-924d-7c28a8ec535a,44.85,Regular,1,80000.0,1,1,31,1,77.05,30.16,20.0,35.58
2403c6bf-8766-4585-9a61-15b6735bac14,44.83,Regular,3,23100.0,2,2,47,1,58.36,69.72,15.38,20.87
3694f8c7-0643-47bc-8a16-7c874fbfcc3e,44.82,Regular,3,2500.0,3,2,10,1,26.93,83.21,15.38,71.65
bcbb569b-63b1-43f8-b22f-ffd831a38309,44.78,Regular,1,49200.0,1,1,25,1,69.93,30.16,25.0,43.46
30402a4c-c5ca-4a33-9bb7-e445407df972,44.76,Regular,1,27800.0,1,1,2,1,60.75,30.16,7.69,93.55
d1302131-1023-4e7e-bb55-a86d899ab5d3,44.73,Regular,3,9950.0,3,2,42,1,46.8,83.21,15.38,24.66
90c38eda-0ba0-4637-86c2-f71cadbbc093,44.71,Regular,2,10850.0,2,2,39,1,48.4,69.72,25.0,27.25
7c405a79-9384-4a51-a7fa-4b41e8dbba17,44.65,Regular,1,194100.0,1,1,50,1,89.01,30.16,12.5,18.89
fe6520d8-569d-425a-964e-beed8569ed13,44.63,Regular,2,2700.0,2,2,3,1,27.96,69.72,15.38,90.48
11d13c89-8565-4379-a3a6-cb821beeb7b0,44.61,Regular,1,26400.0,1,1,2,1,60.33,30.16,7.69,93.55
3bdb86d8-06c8-4278-80ab-21be0169209f,44.61,Regular,1,476750.0,1,1,70,1,96.26,30.16,7.69,9.7
32ca30f4-d7b4-4c80-9229-8ac2f89a444c,44.61,Regular,1,35250.0,1,1,5,1,64.13,30.16,7.69,84.65
571cc5a5-ae0e-4229-8922-f33ac9f3bb76,44.61,Regular,3,540350.0,1,1,78,1,97.22,30.16,7.69,7.43
60801cea-db82-4b8a-b8e2-ea1a81156ccd,44.6,Regular,3,11150.0,2,1,25,1,48.79,69.72,14.29,43.46
93733d7f-2583-4999-bdfa-161931871b52,44.55,Regular,4,204200.0,1,1,53,1,89.49,30.16,12.5,17.09
f03e337e-9e75-4212-a867-69421b9431ff,44.5,Regular,1,8500.0,1,1,0,1,44.9,30.16,25.0,100.0
ea72186b-deec-40c8-823b-74f0f7495726,44.45,Regular,1,26800.0,1,1,10,1,60.45,30.16,20.0,71.65
48e0a386-6752-480a-b673-b1f64af9c05f,44.44,Regular,1,100000.0,1,1,37,1,81.04,30.16,16.67,29.13
6e4b408d-f610-455d-95e5-476167c3f4c3,44.37,Regular,3,17000.0,2,2,55,1,54.26,69.72,22.22,15.99
c4cc4c4e-b360-45af-8749-ccd3c05cff88,44.35,Regular,11,1400.0,6,4,25,1,18.93,94.05,30.77,43.46
8a925bb8-3e19-42bb-a4f8-488c343ed314,44.35,Regular,1,38900.0,1,1,7,1,65.73,30.16,7.69,79.19
e450e09b-4265-40e7-b0ef-1546051a161e,44.33,Regular,2,6400.0,2,2,16,1,40.73,69.72,15.38,58.66
4ea824a2-3c7d-4269-ab8e-bdefe83d40be,44.32,Regular,1,151300.0,1,1,46,1,85.63,30.16,14.29,21.58
904e73bd-432f-490e-934a-f9f512e016ca,44.2,Regular,1,286900.0,1,1,56,1,92.63,30.16,7.69,15.46
a977fc8a-78cf-4eec-adfd-7cc89f22d798,44.2,Regular,1,301250.0,1,1,67,1,93.0,30.16,10.0,10.72
a283a724-06b8-48c4-82a5-e0f6496825c0,44.1,Regular,2,19100.0,2,2,46,1,55.98,69.72,15.38,21.58
006687d3-8ff3-461e-bdac-cb8e8e4c5a26,44.0,Regular,4,375600.0,1,1,70,1,94.5,30.16,7.69,9.7
ef526b20-215a-4ec8-9d32-7f6f149558ab,43.98,Regular,3,29400.0,2,1,47,1,61.41,69.72,7.69,20.87
ca03439c-3419-4e6b-98bd-c176884db561,43.97,Regular,2,281250.0,1,1,58,1,92.39,30.16,7.69,14.47
4767d7d1-f4c2-4bde-98ef-ad9b640119a4,43.93,Regular,1,154550.0,1,1,37,1,85.99,30.16,7.69,29.13
0ecd678a-49e5-4f2c-9490-e1e7caff4199,43.93,Regular,1,278100.0,1,1,58,1,92.27,30.16,7.69,14.47
9186b70a-f7ca-4ee9-b90f-2d5c9041557c,43.89,Regular,3,307600.0,1,1,63,1,93.12,30.16,7.69,12.25
71274229-8dac-4545-a37c-de7e8d4376d0,43.86,Regular,2,18100.0,2,2,46,1,55.28,69.72,15.38,21.58
a0bae4bf-bbad-4795-8a4b-1dbb475db585,43.86,Regular,2,11700.0,2,2,31,1,49.28,69.72,15.38,35.58
00ebe74b-3e22-4852-88cc-80b2c9fbd116,43.85,Regular,8,346450.0,1,1,69,1,93.96,30.16,7.69,10.03
18da98d3-2e73-4e2c-8604-1b66e6565de0,43.85,Regular,1,401300.0,1,1,79,1,95.17,30.16,7.69,7.18
d51fab89-fe99-44cc-96fb-7b01e655e4f2,43.85,Regular,1,185800.0,1,1,44,1,88.35,30.16,7.69,23.07
9ae86e36-9cce-418b-bad8-b3e737eab3d8,43.83,Regular,1,68200.0,1,1,25,1,74.85,30.16,14.29,43.46
fc9bf3f4-9012-468f-b393-b9806cfeb794,43.8,Regular,1,207000.0,1,1,59,1,89.67,30.16,11.11,13.99
082c6aeb-255c-4d70-afb9-b91e791e0075,43.77,Regular,1,318700.0,1,1,67,1,93.42,30.16,7.69,10.72
bffd23cb-09e2-48fc-9f11-16b44bc24bf5,43.77,Regular,3,26000.0,2,2,69,1,59.96,69.72,15.38,10.03
12cf3e1b-b173-4715-a4c4-bb4f79c9f823,43.75,Regular,2,10200.0,2,1,22,1,47.46,69.72,10.0,48.03
99533d53-28e2-4630-b4db-14a520013f7c,43.73,Regular,2,3400.0,2,2,23,1,31.43,69.72,33.33,46.46
e257e39f-0d90-44ab-acbd-f30b409ecd15,43.73,Regular,2,121350.0,1,1,32,1,83.15,30.16,7.69,34.42
474fe976-ee1d-4ba7-b206-4d4fc9d55a3b,43.7,Regular,2,22950.0,2,2,59,1,58.06,69.72,15.38,13.99
50e02743-b4f9-4d3d-b64c-ce2682b5ac34,43.61,Regular,1,405300.0,1,1,89,1,95.35,30.16,7.69,5.15
6d116407-4c48-46b1-85a5-a95e3903fb10,43.59,Regular,2,6250.0,2,2,18,1,40.25,69.72,15.38,54.88
c6481865-3fdf-4779-b199-3961ba727bdd,43.59,Regular,2,5500.0,2,2,16,1,38.62,69.72,15.38,58.66
b9988b7d-105c-4346-ba8a-833a3c488e44,43.58,Regular,2,262500.0,1,1,60,1,91.67,30.16,7.69,13.53
c0683038-b3e7-4599-82a8-7b8add660664,43.57,Regular,1,45950.0,1,1,12,1,68.72,30.16,7.69,67.03
e9bb2bf6-2045-4179-83cc-bc0c27ef1c10,43.56,Regular,1,377700.0,1,1,82,1,94.63,30.16,7.69,6.5
8f9bc947-414f-4fae-8587-e8aeb6ef66f0,43.54,Regular,1,46700.0,1,1,18,1,69.14,30.16,14.29,54.88
84fc7ad2-a2dd-4689-a761-307139a3e2ed,43.54,Regular,1,240000.0,1,1,57,1,90.94,30.16,7.69,14.96
8298b2d1-1e63-4e4a-81c6-6cf3ab383308,43.5,Regular,1,216800.0,1,1,63,1,90.34,30.16,10.0,12.25
e0be77ad-500b-4e02-85aa-3cbc61cd0ef7,43.49,Regular,2,11800.0,2,2,38,1,49.4,69.72,18.18,28.18
2db440f5-e287-4c35-b982-14ae9cc21baf,43.47,Regular,1,308500.0,1,1,75,1,93.18,30.16,8.33,8.21
f9797ea5-af1d-4d54-b8e4-53063dc4bad0,43.44,Regular,1,38100.0,1,1,9,1,65.34,30.16,7.69,74.08
e638b766-3f38-46e0-ad17-28d2a1c5c72d,43.44,Regular,6,377150.0,1,1,85,1,94.57,30.16,7.69,5.88
f0f45cff-66ad-4727-b439-442a5d0fb28b,43.42,Regular,1,68150.0,1,1,21,1,74.73,30.16,9.09,49.66
5758c896-4206-408d-acf6-202989e59cd5,43.41,Regular,1,14400.0,1,1,8,1,51.81,30.16,25.0,76.59
8356b7fc-be59-4f22-8f30-7ef0a246643f,43.4,Regular,2,112450.0,1,1,44,1,82.37,30.16,14.29,23.07
6e844033-3ee7-4ed5-aa42-4872734d1ce7,43.34,Regular,1,10000.0,1,1,4,1,46.92,30.16,25.0,87.52
0c2d3320-6bed-43a7-812e-43da94e6e158,43.31,Regular,1,35700.0,1,1,15,1,64.31,30.16,16.67,60.65
00e20270-69ed-4bae-9c3e-40a24befc0e1,43.3,Regular,2,5200.0,2,2,16,1,37.77,69.72,15.38,58.66
db558463-2063-4517-885d-e98f02587886,43.27,Regular,2,148450.0,1,1,51,1,85.33,30.16,12.5,18.27
1efec226-90d0-40ff-b738-1d07eba72417,43.26,Regular,3,4900.0,3,2,43,1,36.08,83.21,25.0,23.85
58f68e74-7b6a-46ef-b91d-4320888e3451,43.23,Regular,2,60800.0,1,1,32,1,72.95,30.16,20.0,34.42
f2d8d9a8-6532-4dd1-84b0-26bf4ebf7a04,43.13,Regular,2,2400.0,2,2,5,1,26.18,69.72,15.38,84.65
99d3bc2e-7675-4ee1-95ed-cc0972c4daa4,43.1,Regular,1,163000.0,1,1,55,1,86.81,30.16,11.11,15.99
0c2a820f-a0df-4f17-aa9b-2cedec49bd23,43.09,Regular,2,11350.0,2,2,35,1,48.97,69.72,15.38,31.14
02cf8152-758e-4eed-ab5b-50fc3be07459,43.03,Regular,3,11500.0,3,1,57,1,49.15,83.21,11.11,14.96
97b763c7-e8b2-4c5d-9757-9c1825f1fa23,42.99,Regular,2,100000.0,1,1,32,1,81.04,30.16,7.69,34.42
40279d9a-26ed-4eb2-8a3c-9cc398f47419,42.98,Regular,2,2500.0,2,2,6,1,26.93,69.72,15.38,81.87
202406de-fe20-4464-8f16-536b137a9d29,42.97,Regular,3,171500.0,1,1,62,1,87.86,30.16,11.11,12.66
0201b5c2-bc64-4420-94cc-216efd83823e,42.97,Regular,2,9300.0,2,1,21,1,46.2,69.72,7.69,49.66
d822c990-8577-4e28-8c85-57f86127ffcc,42.91,Regular,1,236600.0,1,1,66,1,90.82,30.16,7.69,11.08
52550fad-8ff3-48b1-bfef-00ac267522a9,42.91,Regular,1,9800.0,1,1,2,1,46.68,30.16,20.0,93.55
3bc3720d-02c3-478d-b84c-ff4513b665cd,42.9,Regular,1,159850.0,1,1,46,1,86.29,30.16,7.69,21.58
f628405f-4564-4ee5-a1f3-3c81a43b972a,42.9,Regular,1,91850.0,1,1,29,1,79.23,30.16,7.69,38.03
ae5c4ce4-ee79-485a-9177-408bbde88a87,42.9,Regular,2,9100.0,2,1,21,1,45.98,69.72,7.69,49.66
7f4a364c-fc70-4dc6-aec5-2560db0f98f4,42.81,Regular,1,115000.0,1,1,37,1,82.79,30.16,7.69,29.13
160c2405-af35-468f-9140-d720f36282a8,42.79,Regular,1,11300.0,1,1,7,1,48.91,30.16,25.0,79.19
0532bee1-a5e9-43ff-b974-37028e33ecf9,42.78,Regular,2,21700.0,2,2,73,1,57.67,69.72,15.38,8.77
dc5602cd-8a60-4436-8746-fe1c266dbcee,42.73,Regular,1,200000.0,1,1,70,1,89.25,30.16,10.0,9.7
3bc00114-64a1-425e-81e7-f7b95c652d05,42.64,Regular,2,228900.0,1,1,70,1,90.64,30.16,7.69,9.7
c845166b-8691-4c1a-b06a-0fbf6ac2a275,42.61,Regular,2,12000.0,1,1,5,1,49.64,30.16,20.0,84.65
a3b77cd1-4f24-4411-8eff-b8810d9375aa,42.61,Regular,1,123950.0,1,1,40,1,83.39,30.16,7.69,26.36
71122d96-5803-4e35-995d-c10f589fa2ed,42.54,Regular,3,5200.0,3,2,35,1,37.77,83.21,15.38,31.14
7f8b8840-794b-4924-82a8-3b7999020c02,42.54,Regular,2,14750.0,2,2,62,1,52.02,69.72,20.0,12.66
077e05d2-6420-4888-89ff-1faec0ced65b,42.53,Regular,2,244850.0,1,1,77,1,91.18,30.16,7.69,7.68
186b8e16-f108-4411-b7af-2eb98e813c8b,42.47,Regular,2,15350.0,2,2,51,1,52.72,69.72,15.38,18.27
c54cd6ba-92e2-40a3-a30b-fe4b66ae0e23,42.46,Regular,6,264600.0,1,1,86,1,91.85,30.16,7.69,5.69
a975d7eb-12fe-40d5-9e2d-3422abffc1e3,42.36,Regular,1,112300.0,1,1,46,1,82.31,30.16,11.11,21.58
4744bb02-75a3-4642-bc77-8d33ce501d9d,42.31,Regular,2,10350.0,2,2,47,1,47.86,69.72,20.0,20.87
23517dbf-7e8d-472b-9049-91ec6dd74ba6,42.27,Regular,1,168350.0,1,1,58,1,87.53,30.16,7.69,14.47
ba90559e-a0a3-4b42-8c49-1ade77f6c1a3,42.26,Regular,1,82650.0,1,1,40,1,77.69,30.16,14.29,26.36
ef336857-0a0c-40f4-aa9c-fb98abe66191,42.18,Regular,1,33500.0,1,1,21,1,63.41,30.16,20.0,49.66
38b15116-f614-4d58-a628-cd9a9cca58f3,42.14,Regular,1,134350.0,1,1,47,1,84.42,30.16,7.69,20.87
53714d0c-14a3-460f-ab51-6450dfb80f59,42.13,Regular,1,135500.0,1,1,57,1,84.48,30.16,11.11,14.96
c35eda9d-cbfd-4840-a717-a927ef9bbb72,42.13,Regular,1,167500.0,1,1,69,1,87.38,30.16,10.0,10.03
dcb4ef34-748e-49cd-b742-ece9f9186f0f,42.12,Regular,2,12000.0,2,2,56,1,49.64,69.72,20.0,15.46
6082651f-7f8d-47fc-9ba5-6498b6ed07d0,42.09,Regular,2,4400.0,2,1,20,1,34.18,69.72,20.0,51.34
660dd976-0246-4259-9349-4e77f139e9fd,42.09,Regular,2,29450.0,1,1,9,1,61.47,30.16,7.69,74.08
2cc98262-5f02-4446-ab7a-b8d77d0fc987,42.08,Regular,1,42000.0,1,1,27,1,66.97,30.16,20.0,40.66
29503cc0-19fa-4341-8fa2-18465c376fee,42.05,Regular,1,100000.0,1,1,38,1,81.04,30.16,7.69,28.18
e3c2ef08-c616-415c-a129-ff71e45f1ab1,42.02,Regular,1,207100.0,1,1,77,1,89.73,30.16,7.69,7.68
fa84bc08-a0f3-48e7-8541-9eaa75b1b823,42.02,Regular,1,6350.0,1,1,2,1,40.55,30.16,25.0,93.55
bf8e1152-de8c-438f-b44d-99464e919e51,41.97,Regular,2,3200.0,2,1,7,1,30.68,69.72,7.69,79.19
e7f48a83-8d42-45de-9442-197a4506a846,41.95,Regular,6,125000.0,1,1,46,1,83.57,30.16,7.69,21.58
bda57d52-78dd-46cc-8836-ad1068d671bb,41.95,Regular,2,104000.0,1,1,40,1,81.52,30.16,7.69,26.36
c3c11393-e5ff-4f7c-a86f-33a14b130335,41.87,Regular,1,5100.0,1,1,0,1,37.38,30.16,25.0,100.0
55695c4a-b8b7-41a1-957e-76f3d645d093,41.84,Regular,1,198100.0,1,1,80,1,89.07,30.16,8.33,6.95
c1a15dfb-8c17-4fcc-b143-87b7f6e58508,41.78,Regular,4,188800.0,1,1,77,1,88.59,30.16,8.33,7.68
3382390d-bad7-463d-9e06-c76f8c4126e4,41.78,Regular,2,17450.0,2,2,80,1,54.68,69.72,16.67,6.95
70ac921a-d77f-486d-823e-5677d8a41d92,41.78,Regular,2,9000.0,2,2,45,1,45.71,69.72,20.0,22.31
fc3a37a0-8d87-47f7-adda-b9cb7357da8d,41.72,Regular,1,42150.0,1,1,16,1,67.03,30.16,7.69,58.66
8ce109b9-e5ac-4a53-a68a-59190d4e0248,41.72,Regular,1,130400.0,1,1,50,1,84.06,30.16,7.69,18.89
3295ba35-2396-4d81-a021-626c4e4c262a,41.71,Regular,2,8000.0,2,2,38,1,44.32,69.72,18.18,28.18
a1e1b234-69c5-4b38-9f9a-5e0679282d32,41.67,Regular,1,95900.0,1,1,50,1,80.5,30.16,12.5,18.89
4cd58510-a2e3-4eeb-9f01-209011bc850e,41.65,Regular,5,193150.0,1,1,79,1,88.89,30.16,7.69,7.18
db5a0695-c8c8-46d9-9c1f-f2e78beed54f,41.51,Regular,1,6300.0,1,1,3,1,40.43,30.16,25.0,90.48
1bbb3099-c483-416b-b83f-fc6a42a5d61a,41.49,Regular,2,23150.0,2,1,73,1,58.48,69.72,9.09,8.77
d4ec70a6-bb15-4d56-980a-8f59e3ff33ce,41.46,Regular,2,92500.0,1,1,38,1,79.35,30.16,7.69,28.18
4a5c95c2-55e6-4d99-a1cb-9f3926b20c76,41.42,Regular,1,43500.0,1,1,18,1,67.78,30.16,7.69,54.88
622180de-45d6-4097-8aa4-629397144994,41.36,Regular,1,19200.0,1,1,6,1,56.04,30.16,7.69,81.87
125cc58a-e6a6-43a1-a1cc-be694b351109,41.29,Regular,1,78950.0,1,1,37,1,76.81,30.16,10.0,29.13
58259f61-fb0a-49ee-a5bf-08ba763bc9bf,41.26,Regular,1,74500.0,1,1,32,1,76.09,30.16,7.69,34.42
65491012-2164-4275-a495-73dc577136ea,41.24,Regular,9,166950.0,1,1,75,1,87.26,30.16,7.69,8.21
d8831c99-9ed7-49b1-a346-ddfaa5d4ada9,41.15,Regular,3,133050.0,1,1,67,1,84.3,30.16,10.0,10.72
34acf99f-2d36-4f69-b1a0-d26e331cea44,41.12,Regular,2,163000.0,1,1,74,1,86.81,30.16,7.69,8.49
721d02ab-9435-41a8-9da8-74203b3068a7,41.08,Regular,1,111300.0,1,1,50,1,82.25,30.16,7.69,18.89
f6b21478-3f9c-4dde-9a1c-df8b41d00f85,41.01,Regular,1,168350.0,1,1,84,1,87.53,30.16,7.69,6.08
7964b346-f82f-444d-8183-3fcff0d2f7c5,41.01,Regular,2,5000.0,2,2,29,1,36.78,69.72,20.0,38.03
b15589af-232e-4fcb-bc78-fd29385562a8,40.9,Regular,2,2800.0,2,2,32,1,28.5,69.72,33.33,34.42
e98d6e0f-9a22-44da-9797-55e4ac41c6b4,40.88,Regular,1,86100.0,1,1,39,1,78.08,30.16,7.69,27.25
cc232c35-6d6d-4e96-96c6-0b0c6dc5310f,40.87,Regular,2,6400.0,2,2,31,1,40.73,69.72,15.38,35.58
1e6fbc4e-810d-47fd-91e7-3cd02e34a590,40.86,Regular,2,12450.0,2,2,72,1,50.06,69.72,18.18,9.07
3cd1e980-f188-45e8-8751-82d2b390f5eb,40.65,Regular,2,161500.0,1,1,85,1,86.59,30.16,7.69,5.88
2a95bacc-637f-43ba-bcba-2c12db51f721,40.63,Regular,2,9100.0,1,1,10,1,45.98,30.16,25.0,71.65
ebfab4ba-5912-4ca0-9b25-8e6b28a2e6cd,40.63,Regular,1,12700.0,1,1,3,1,50.27,30.16,7.69,90.48
4f390c9c-08f7-44a5-bc77-ac4298264133,40.58,Regular,1,102000.0,1,1,52,1,81.34,30.16,7.69,17.67
dde73b01-9e5e-4138-9926-4cf776559071,40.55,Regular,2,12350.0,2,1,42,1,50.0,69.72,7.69,24.66
153568ef-8343-46eb-8c85-5f3ce3475b8a,40.52,Regular,1,93950.0,1,1,48,1,80.07,30.16,7.69,20.19
fe98f79e-c1f5-4655-a287-79e0db45b9ad,40.5,Regular,4,5800.0,3,2,58,1,39.1,83.21,15.38,14.47
b6fa12b1-41a7-429c-b13b-6095edc34903,40.48,Regular,1,34200.0,1,1,29,1,63.53,30.16,20.0,38.03
e7f553fd-f0af-4387-98e9-780392c03ee2,40.4,Regular,2,8050.0,2,2,55,1,44.5,69.72,20.0,15.99
9e89ebec-135c-4351-95a3-02c92eef0e05,40.34,Regular,1,125300.0,1,1,67,1,83.64,30.16,7.69,10.72
60b76074-37df-44f8-9b6f-cec516427e68,40.33,Regular,3,6050.0,2,2,32,1,39.7,69.72,15.38,34.42
0a8e454e-4dc2-43ca-a529-5e78e87c001c,40.31,Regular,1,131900.0,1,1,72,1,84.24,30.16,7.69,9.07
7aa4684a-8b79-4fd1-aadc-6cd967b4bef7,40.26,Regular,1,6800.0,1,1,7,1,41.7,30.16,25.0,79.19
e2a1108a-f642-49f9-9a9a-b472e8bf5823,40.24,Regular,1,8700.0,1,1,0,1,45.08,30.16,7.69,100.0
0a4d5e58-6d61-4ae4-a9e9-72a28c5408b6,40.24,Regular,2,13150.0,2,1,58,1,51.03,69.72,11.11,14.47
b904ead1-8244-441a-aff2-5910cfd8b5e6,40.19,Regular,1,114000.0,1,1,63,1,82.55,30.16,7.69,12.25
4d658e19-3e76-492f-93b7-8b6652563fe5,40.19,Regular,1,104300.0,1,1,58,1,81.58,30.16,7.69,14.47
40470b6e-d06a-456d-915d-32fc8e5f7cd8,40.15,Regular,1,82200.0,1,1,43,1,77.45,30.16,7.69,23.85
700b9ec4-4f89-4287-9949-4b9e6ce1cfd2,40.13,Regular,2,6450.0,2,1,38,1,40.88,69.72,16.67,28.18
dae1a95c-37df-4efe-bf5d-7c55b883db2f,40.12,Regular,1,93200.0,1,1,63,1,79.89,30.16,11.11,12.25
80e99112-2785-4576-857d-83fc091c675a,40.11,Regular,2,9000.0,2,2,50,1,45.71,69.72,15.38,18.89
f2e34e35-8497-4df6-acc9-eb21cb0d3246,40.09,Regular,2,147050.0,1,1,87,1,85.14,30.16,7.69,5.5
fcb5f01b-9638-4704-b9ee-54c64987a3d6,40.08,Regular,2,2000.0,2,2,13,1,23.94,69.72,18.18,64.83
3555ffe2-f10a-45c4-ab1b-fbe5332a0f67,40.07,Regular,2,78500.0,1,1,53,1,76.69,30.16,12.5,17.09
d4955979-7392-4a22-9f18-7c20678c6e7b,40.05,Regular,1,140050.0,1,1,84,1,84.78,30.16,7.69,6.08
de8ccdf9-8921-44ce-b698-cd26c181e49c,40.01,Regular,3,4900.0,2,2,42,1,36.08,69.72,25.0,24.66
f744b931-6232-43f6-bb7b-bd52275c3ddc,40.01,Regular,1,17200.0,1,1,8,1,54.44,30.16,7.69,76.59
516194a6-bdd8-4280-81e4-7470e94962c5,40.0,Regular,2,16050.0,1,1,7,1,53.32,30.16,7.69,79.19
7aa42cc4-7d43-4490-8674-f69fdd4e34fe,39.99,Regular,2,10200.0,2,2,71,1,47.46,69.72,18.18,9.38
a77dc4f4-6328-4b2d-a708-19b1300d93f3,39.95,Regular,1,40700.0,1,1,22,1,66.52,30.16,7.69,48.03
550d4213-48e7-4054-98b5-127e3107953b,39.93,Regular,1,90350.0,1,1,50,1,78.96,30.16,7.69,18.89
7abac629-ec7d-4aff-9af5-3168dda41a3b,39.92,Regular,4,113700.0,1,1,75,1,82.49,30.16,9.09,8.21
7d487431-235e-4bac-a19b-291cc8546b74,39.91,Regular,1,19550.0,1,1,10,1,56.28,30.16,7.69,71.65
7d116c34-4c47-42d7-b553-8278e3d3cde3,39.89,Regular,1,24200.0,1,1,13,1,59.15,30.16,7.69,64.83
b5e121e0-caec-4edf-9f6a-47622088428d,39.88,Regular,2,9250.0,2,2,54,1,46.07,69.72,15.38,16.53
d2228df2-484a-4d4c-b341-b5c0a7734a81,39.85,Regular,5,10050.0,2,2,59,1,47.07,69.72,15.38,13.99
e3ffc7ac-ce77-4ce6-9ad2-6f9952f30006,39.84,Regular,1,95250.0,1,1,57,1,80.37,30.16,7.69,14.96
8ac903f0-5151-4e57-979e-b883acfd7aa1,39.84,Regular,2,33450.0,1,1,18,1,63.25,30.16,7.69,54.88
c9437fec-5f69-4fb3-9c6b-9dbe83173148,39.83,Regular,2,1500.0,2,1,15,1,20.14,69.72,25.0,60.65
8b0faa9f-b345-4910-8c04-bd3e0dff5f1a,39.81,Regular,2,14350.0,2,1,64,1,51.72,69.72,10.0,11.84
be37c60d-6a10-4c77-9f8b-096274d90d27,39.79,Regular,1,5000.0,1,1,4,1,36.78,30.16,25.0,87.52
21dc2a4a-091c-42de-b3d2-c2ee8322f0fe,39.7,Regular,1,130550.0,1,1,88,1,84.12,30.16,7.69,5.32
efc9653e-bc6f-4893-98bb-20b948ee1152,39.69,Regular,1,23250.0,1,1,13,1,58.57,30.16,7.69,64.83
772f1086-9ec2-4804-a8aa-6eb9f662c727,39.68,Regular,2,3600.0,2,2,22,1,32.0,69.72,15.38,48.03
e3beb1c5-b426-43fa-92e2-f3199fe724d1,39.67,Regular,1,81550.0,1,1,47,1,77.36,30.16,7.69,20.87
bf8f1f04-4a17-4437-8eec-2138ef14049b,39.66,Regular,3,2550.0,2,2,16,1,27.39,69.72,15.38,58.66
37c1bc44-663d-4c7e-b60c-6e5bfed21247,39.64,Regular,1,123000.0,1,1,81,1,83.33,30.16,7.69,6.72
d5b964d3-3082-4c73-86b7-22c41c2d2f5e,39.61,Regular,1,84400.0,1,1,60,1,77.9,30.16,11.11,13.53
16a9999e-a6fa-49e7-a5a2-ccebd554417b,39.59,Regular,2,12800.0,1,1,7,1,50.48,30.16,10.0,79.19
235ccf19-affb-4161-ad00-56df81fb918b,39.41,Regular,1,65500.0,1,1,39,1,73.88,30.16,7.69,27.25
ca1b01b6-865a-402d-ae88-8a67c081eeea,39.35,Regular,1,104900.0,1,1,77,1,81.64,30.16,8.33,7.68
b3ebd978-2b9c-44c8-aa1b-910461bcea61,39.24,Regular,1,17800.0,1,1,21,1,55.01,30.16,20.0,49.66
ced31ceb-b6f6-448b-8770-50691c862858,39.23,Regular,3,5200.0,3,2,72,1,37.77,83.21,15.38,9.07
310f9fbc-2d6d-43e3-b681-ac24e617214c,39.2,Regular,1,14750.0,1,1,22,1,52.02,30.16,25.0,48.03
fc5227fd-89aa-4409-8f97-c29e8dcf5c76,39.13,Regular,1,33200.0,1,1,22,1,63.16,30.16,9.09,48.03
831da080-0342-4591-b0c4-00b12a017612,39.0,Regular,1,21500.0,1,1,14,1,57.52,30.16,7.69,62.71
f237e66d-f91a-4f8c-a2c7-456e7bbaf2e9,38.97,Regular,1,49500.0,1,1,33,1,70.05,30.16,7.69,33.29
6c6ab6df-9ef5-4ad6-b577-705e365998ac,38.95,Regular,1,15350.0,1,1,19,1,52.72,30.16,20.0,53.08
b0fe4c47-42ab-4931-a4e8-e8f71e577cc0,38.93,Regular,2,1600.0,2,1,15,1,21.17,69.72,20.0,60.65
1062d014-220e-4eec-9a0d-91773811b075,38.92,Regular,1,70000.0,1,1,57,1,75.3,30.16,11.11,14.96
a58ffe65-e7d2-4612-8be1-b9933c637ddf,38.84,Regular,2,900.0,2,1,12,1,14.58,69.72,25.0,67.03
5dcb669b-41dd-453c-a362-2e2394e37039,38.81,Regular,1,71200.0,1,1,49,1,75.48,30.16,7.69,19.53
b591e8b8-344d-4dd0-8e19-ca3965878429,38.79,Regular,1,17850.0,1,1,12,1,55.07,30.16,7.69,67.03
7a951d84-aa98-40d5-8264-cd3c9aa1c9e5,38.74,Regular,3,59700.0,1,1,46,1,72.74,30.16,10.0,21.58
0c64f0ce-b94a-4aa1-9bc2-e143fdd10069,38.74,Regular,1,15600.0,1,1,15,1,52.93,30.16,14.29,60.65
b9cb03f6-3dbf-4d86-84a9-29b14670b8ea,38.69,Regular,2,3150.0,2,2,24,1,30.5,69.72,15.38,44.93
c1a1c783-08c4-42d0-a182-0c118cfb4e9b,38.67,Regular,1,69600.0,1,1,49,1,75.09,30.16,7.69,19.53
106caaa7-6384-409c-adfb-37d4578071c9,38.61,Regular,1,5250.0,1,1,8,1,38.07,30.16,25.0,76.59
c3c163e1-6b40-4811-8e04-902b47cc5392,38.55,Regular,1,44700.0,1,1,32,1,68.36,30.16,7.69,34.42
5f6c054e-d8cb-4d0f-8517-a57a6236fb81,38.55,Regular,1,6250.0,1,1,0,1,40.25,30.16,7.69,100.0
7f8daf6d-9952-4888-88b0-7d6c17bd6613,38.53,Regular,1,59050.0,1,1,42,1,72.46,30.16,7.69,24.66
2975b0ba-f00b-4bb6-b199-a173fda7beef,38.49,Regular,1,68200.0,1,1,50,1,74.85,30.16,7.69,18.89
e58b41ce-e301-4888-9293-c041f1827aa2,38.49,Regular,1,45650.0,1,1,33,1,68.66,30.16,7.69,33.29
e7202689-6d7e-4e8a-97cf-76502c73e0b0,38.47,Regular,2,4450.0,2,2,32,1,34.39,69.72,15.38,34.42
158389e7-4fa8-497f-b826-7d3a7ad0ffd4,38.47,Regular,2,7750.0,2,2,63,1,43.87,69.72,15.38,12.25
8d4547b7-a96b-430d-aafd-63b83eb51c23,38.38,Regular,1,52850.0,1,1,40,1,71.32,30.16,7.69,26.36
66605f07-14ef-4ce8-b18e-7130c0638efe,38.36,Regular,1,61100.0,1,1,45,1,73.01,30.16,7.69,22.31
2a9d3958-69c7-474b-9e5e-124b7f4025c6,38.36,Regular,1,4950.0,1,1,7,1,36.26,30.16,25.0,79.19
23a2d11a-b8a6-42d8-b9ec-8a340ff71a49,38.34,Regular,1,7450.0,1,1,14,1,43.27,30.16,25.0,62.71
77b2feec-8b03-4763-baf1-518a4c0058c9,38.31,Regular,2,72400.0,1,1,56,1,75.79,30.16,7.69,15.46
e17f9219-b3ce-499b-adcc-57c773f9c3a7,38.24,Regular,4,13900.0,2,1,83,1,51.27,69.72,7.69,6.29
d582d611-81a9-4215-b0ff-dcba1cea8d9b,38.16,Regular,2,50000.0,1,1,49,1,70.2,30.16,12.5,19.53
4a2fe026-7a61-4204-914e-b5700304c2a3,38.15,Regular,1,5000.0,1,1,8,1,36.78,30.16,25.0,76.59
56a13cd1-08ae-481b-b237-f9d3e08a0eee,38.08,Regular,1,4000.0,1,1,5,1,33.12,30.16,25.0,84.65
17db0e40-dc51-48ef-9b5d-01d01ed69ed3,37.94,Regular,1,18150.0,1,1,15,1,55.37,30.16,7.69,60.65
57c5be68-4cb8-4b61-be68-fb20832c9d4c,37.9,Regular,1,82450.0,1,1,74,1,77.6,30.16,7.69,8.49
8e51ef60-b417-4245-9c65-443f47b3f1de,37.87,Regular,1,12650.0,1,1,25,1,50.18,30.16,25.0,43.46
2f1a9e70-44a1-4338-ae16-b9e833cb588b,37.85,Regular,1,66650.0,1,1,63,1,74.21,30.16,10.0,12.25
76e9d762-7972-4e9d-9828-3cc204ae162d,37.85,Regular,2,75950.0,1,1,72,1,76.21,30.16,9.09,9.07
67798e01-3f4d-4024-a67d-34da724cc7f1,37.8,Regular,1,88150.0,1,1,85,1,78.44,30.16,7.69,5.88
b58f179e-21e3-4045-b9c5-f1cf35798e84,37.78,Regular,2,2000.0,2,2,34,1,23.94,69.72,28.57,32.2
24450779-3acb-4685-a566-a56df3d21d57,37.78,Regular,2,88900.0,1,1,89,1,78.68,30.16,7.69,5.15
bcbd1fe1-322e-45b6-93f9-04774792535f,37.77,Regular,1,5000.0,1,1,9,1,36.78,30.16,25.0,74.08
c345c7cf-e17a-454d-b1c0-d2700edacefc,37.77,Regular,1,4800.0,1,1,8,1,35.69,30.16,25.0,76.59
b633884a-919f-49f9-933a-d4b7347327bc,37.73,Regular,1,7450.0,1,1,4,1,43.27,30.16,7.69,87.52
cb76fd90-1bd7-4a7e-be0b-e68bc615012e,37.66,Regular,1,46250.0,1,1,50,1,69.02,30.16,12.5,18.89
58184f8a-93ec-4721-a86d-04a0d782e954,37.62,Regular,2,84250.0,1,1,84,1,77.84,30.16,7.69,6.08
6167dfb6-9e58-4760-8401-499a33d826ba,37.6,Regular,3,4450.0,3,2,84,1,34.39,83.21,15.38,6.08
4ff3b9a3-e3ec-47d3-bff3-051346064a7f,37.47,Regular,1,2600.0,1,1,2,1,27.57,30.16,25.0,93.55
b5c3de52-a485-476a-9537-0d96e1a2f3db,37.42,Regular,4,7300.0,2,2,77,1,42.84,69.72,15.38,7.68
5c59351b-e825-43fa-b1a4-8a893869a5de,37.39,Regular,1,47500.0,1,1,43,1,69.57,30.16,7.69,23.85
f2224ec9-be1a-4e08-8d57-fea80d53db3e,37.38,Regular,1,18000.0,1,1,30,1,55.19,30.16,20.0,36.79
3321d839-ccd9-43d0-acee-73019b18294f,37.26,Regular,1,4000.0,1,1,7,1,33.12,30.16,25.0,79.19
30b3c050-0734-4baa-b658-83aaf60d6553,37.26,Regular,3,11050.0,2,1,85,1,48.64,69.72,7.69,5.88
42618108-2f81-4130-a2b8-8d3d18558872,37.2,Regular,1,3500.0,1,1,6,1,31.79,30.16,25.0,81.87
158aa480-3c02-4104-8756-ba08d78996bc,37.14,Regular,2,78400.0,1,1,86,1,76.63,30.16,7.69,5.69
837c31f3-16d0-44d4-9261-a2a07dec9e6b,37.06,Regular,1,5000.0,1,1,11,1,36.78,30.16,25.0,69.3
8ea81cce-f184-4788-8fd4-4a3dd4460529,37.01,Regular,1,71100.0,1,1,77,1,75.42,30.16,7.69,7.68
c284bbe0-0f77-41ca-a37e-8e550229311b,37.0,Regular,1,40000.0,1,1,37,1,66.18,30.16,7.69,29.13
bd6c2863-8a5c-42ea-9dec-d6dcd5c8b895,36.94,Regular,2,10200.0,2,1,82,1,47.46,69.72,7.69,6.5
fd5252e1-2488-495b-907a-c3810b8719c3,36.93,Regular,2,5400.0,2,1,49,1,38.41,69.72,12.5,19.53
cc816a67-9642-4429-a04c-32660629637b,36.92,Regular,1,68250.0,1,1,75,1,74.94,30.16,7.69,8.21
90f748c1-40da-4e04-9f11-2e447b9339de,36.88,Regular,1,15850.0,1,1,16,1,53.2,30.16,7.69,58.66
3d028774-d589-4d47-bd00-f8bbb4469800,36.83,Regular,2,3100.0,2,1,35,1,30.19,69.72,16.67,31.14
696f1283-2d1f-4574-8f7f-c0842e37e8fe,36.81,Regular,1,5900.0,1,1,3,1,39.34,30.16,7.69,90.48
1d185922-d2cf-4914-93aa-1813edfb453d,36.79,Regular,2,10100.0,2,1,84,1,47.22,69.72,7.69,6.08
2db1d9f4-b9d4-4507-ab65-2abfe513f894,36.77,Regular,1,21350.0,1,1,22,1,57.43,30.16,7.69,48.03
b0a11306-9fa5-47d5-bc77-143985891265,36.75,Regular,2,5700.0,2,2,63,1,38.98,69.72,15.38,12.25
830641f0-d8e8-4b2d-b5d3-189854f90129,36.71,Regular,1,7000.0,1,1,7,1,42.27,30.16,10.0,79.19
e6fbfbeb-70a4-4a55-92ae-92623913458f,36.7,Regular,1,2700.0,1,1,4,1,27.96,30.16,25.0,87.52
87743b85-5c1a-4875-836f-ff609ebc0b0f,36.69,Regular,1,7150.0,1,1,19,1,42.66,30.16,25.0,53.08
652d4023-1389-4841-88c8-5917d31b0aa6,36.68,Regular,2,2000.0,1,1,1,1,23.94,30.16,25.0,96.72
fbd9c871-5234-413e-aafe-e23372f16b15,36.64,Regular,2,1000.0,2,2,15,1,15.91,69.72,18.18,60.65
6e7eb519-9c9b-4b69-b9b3-3e238ed0871d,36.59,Regular,1,10800.0,1,1,28,1,48.28,30.16,25.0,39.32
f4da43f0-ff2e-4f21-b1fb-6aee0065eab2,36.5,Regular,2,6900.0,2,1,62,1,41.91,69.72,10.0,12.66
91e88685-1220-4b50-a47d-4090ff7fd555,36.5,Regular,1,4000.0,1,1,9,1,33.12,30.16,25.0,74.08
12a0eaaf-af44-4ac1-98be-9d6441b73dea,36.49,Regular,1,3250.0,1,1,7,1,30.92,30.16,25.0,79.19
99a3e8a8-c5a0-42e6-8bb7-3103bc4f32bd,36.47,Regular,1,65000.0,1,1,80,1,73.73,30.16,8.33,6.95
163e2f06-9c4b-4789-8bcf-6221eddeaadb,36.41,Regular,1,3200.0,1,1,7,1,30.68,30.16,25.0,79.19
0feaa184-2561-4202-8c21-732f5a647ad8,36.36,Regular,1,62650.0,1,1,76,1,73.43,30.16,7.69,7.94
ec383ca8-3197-4c48-92f2-9a1e9320d4ff,36.35,Regular,1,4300.0,1,1,0,1,33.97,30.16,7.69,100.0
585de999-881d-48d2-ab74-e62d84401515,36.35,Regular,2,2300.0,2,2,27,1,25.63,69.72,15.38,40.66
73632c3c-11b4-478c-bfe9-56646567fb45,36.33,Regular,1,43100.0,1,1,46,1,67.51,30.16,7.69,21.58
11cc3d41-5ec6-4bd0-b1f5-5d616cf185d9,36.31,Regular,1,59100.0,1,1,70,1,72.55,30.16,7.69,9.7
817ad2b5-ad8f-48eb-8375-65bd8f1910ac,36.3,Regular,1,56800.0,1,1,76,1,72.28,30.16,9.09,7.94
7a2a8eea-1dbc-4e66-a270-e0be44ff32c2,36.2,Regular,1,1600.0,1,1,0,1,21.17,30.16,25.0,100.0
ff5aacc8-320e-4cc3-82a8-059316b857c4,36.13,Regular,1,23000.0,1,1,26,1,58.18,30.16,7.69,42.04
d74707d5-d070-49d5-a5c8-45745de1007f,36.08,Regular,1,4500.0,1,1,1,1,34.6,30.16,7.69,96.72
8b7a8959-01fb-417d-b729-7ece15c7e702,36.05,Regular,1,53500.0,1,1,68,1,71.53,30.16,7.69,10.37
d03d6faa-8a78-460a-abd4-f0a30bd35ab2,36.04,Regular,1,59150.0,1,1,77,1,72.64,30.16,7.69,7.68
f8ace614-fdc7-4666-adb2-e645a5b2c300,35.95,Regular,2,54500.0,1,1,72,1,71.8,30.16,7.69,9.07
a787b9fe-d29d-4bc1-bfa5-c8d6f523e59f,35.93,Regular,1,4400.0,1,1,1,1,34.18,30.16,7.69,96.72
aac617ee-ec6c-441c-aaa5-76d6932c8307,35.91,Regular,1,42600.0,1,1,56,1,67.27,30.16,10.0,15.46
aebce7bc-a766-421b-83be-02cbf4ca7e61,35.9,Regular,2,38300.0,1,1,56,1,65.46,30.16,12.5,15.46
4471a0b5-0e0a-4abe-9306-02fae8559b51,35.85,Regular,1,11000.0,1,1,14,1,48.52,30.16,7.69,62.71
42ccb2c0-7c01-4f0e-ade2-1122e79f0e01,35.79,Regular,2,41700.0,1,1,49,1,66.85,30.16,7.69,19.53
05c32c5f-dd3a-43e5-8272-43e704b2f4a2,35.74,Regular,1,2000.0,1,1,3,1,23.94,30.16,25.0,90.48
fccf35ba-4382-4341-99ef-ea900c22b444,35.73,Regular,2,16100.0,1,1,31,1,53.38,30.16,16.67,35.58
890f22a3-49cd-4124-8806-6ea934e74a5d,35.72,Regular,1,2600.0,1,1,6,1,27.57,30.16,25.0,81.87
855462a3-7f6b-43b6-8e52-02d8445ff298,35.71,Regular,1,20000.0,1,1,38,1,56.49,30.16,16.67,28.18
76d2b41d-8478-426d-8371-ff55b5888b0b,35.63,Regular,1,18500.0,1,1,24,1,55.5,30.16,7.69,44.93
5c0a1801-a428-44d8-824e-16dc3fb5bdae,35.62,Regular,2,3400.0,1,1,0,1,31.43,30.16,8.33,100.0
2c2292f1-e3c5-4d23-bb93-79abe858d807,35.58,Regular,1,3000.0,1,1,8,1,29.44,30.16,25.0,76.59
4b441232-6fda-4ac2-a5aa-8fb34061b069,35.56,Regular,1,41400.0,1,1,51,1,66.73,30.16,7.69,18.27
7238f1bf-9bd8-4a61-845a-8215880c64fa,35.55,Regular,3,3850.0,2,2,65,1,32.58,69.72,20.0,11.46
4ea3d683-bf0d-442d-bdb0-39ec9b34c367,35.52,Regular,1,52700.0,1,1,77,1,71.17,30.16,7.69,7.68
6b0c1c99-4ed6-4a2a-a537-cb5d6314b9d8,35.44,Regular,2,4000.0,1,1,12,1,33.12,30.16,25.0,67.03
884f1b05-7396-4c0a-9781-08b6850e81aa,35.38,Regular,1,5200.0,1,1,5,1,37.77,30.16,7.69,84.65
112b571d-e773-48e1-89b1-47801694072b,35.35,Regular,1,1500.0,1,1,1,1,20.14,30.16,25.0,96.72
c39042f7-7d1e-47d3-8f8c-0f4bb0d5a596,35.34,Regular,1,4600.0,1,1,3,1,35.14,30.16,7.69,90.48
b86b4d0f-84e6-4fc1-9ebc-347221a88872,35.31,Regular,1,43250.0,1,1,67,1,67.6,30.16,10.0,10.72
7b2fa111-e482-43d6-99c2-db9432a810b6,35.28,Regular,1,10700.0,1,1,28,1,48.13,30.16,20.0,39.32
541c415f-7982-4ade-9629-7c23313a6b19,35.26,Regular,1,4100.0,1,1,2,1,33.61,30.16,7.69,93.55
fdb48030-75cc-44e7-b4d2-ef6b7389748c,35.19,Regular,1,3400.0,1,1,11,1,31.43,30.16,25.0,69.3
89c36471-e68a-41e9-b495-d43583d525c6,35.08,Regular,1,44150.0,1,1,64,1,68.12,30.16,7.69,11.84
e0e11845-8a50-4183-8e58-f65d859828f0,35.06,Regular,1,7200.0,1,1,26,1,42.75,30.16,25.0,42.04
e5cd2ff7-149f-4520-b025-b11accc62112,35.06,Regular,1,46000.0,1,1,72,1,68.78,30.16,8.33,9.07
48fdbb47-ed7d-4cea-af72-02112ea6afc3,35.04,Regular,1,50000.0,1,1,81,1,70.2,30.16,7.69,6.72
41e9120e-0149-4178-b6a1-b920c4e882a6,35.01,Regular,1,11850.0,1,1,18,1,49.46,30.16,7.69,54.88
976ca5fc-56ff-4b6a-8f13-70367293bd4a,34.99,Regular,1,16600.0,1,1,37,1,54.05,30.16,16.67,29.13
b673f53e-60f0-45af-a581-49172c711f39,34.97,Regular,1,10300.0,1,1,16,1,47.74,30.16,7.69,58.66
17a20494-b2f2-4010-93dd-d6c4d5c3b026,34.92,Regular,4,1800.0,3,2,66,1,22.58,83.21,18.18,11.08
808bab8c-fd0c-414f-bad3-d65fc106baa0,34.9,Regular,3,6850.0,2,1,84,1,41.82,69.72,7.69,6.08
b2ffa7bc-42f1-43da-a9dc-372165435de3,34.88,Regular,2,35550.0,1,1,49,1,64.25,30.16,7.69,19.53
d2563dce-1b8c-4c03-8eca-80bcea8b9640,34.87,Regular,1,2000.0,1,1,5,1,23.94,30.16,25.0,84.65
f00f87a8-ebbb-460c-9ae2-7905defb87fa,34.86,Regular,2,22000.0,1,1,32,1,57.82,30.16,7.69,34.42
54576a4e-a7d2-4249-9a76-8ca651cbedf0,34.84,Regular,2,1500.0,2,2,25,1,20.14,69.72,15.38,43.46
f2368906-0358-432e-9fd1-07fed5039e8e,34.84,Regular,1,1150.0,1,1,0,1,17.27,30.16,25.0,100.0
93a09dc9-5690-41cb-bec8-e6a4b4f61d8d,34.83,Regular,2,8250.0,1,1,13,1,44.69,30.16,7.69,64.83
80bfc7cf-ffaa-442e-a6b7-c5698c3f88de,34.82,Regular,2,1800.0,1,1,4,1,22.58,30.16,25.0,87.52
a39fd9c7-0886-449c-932d-ef06416e6d57,34.72,Regular,2,6600.0,2,1,82,1,41.12,69.72,7.69,6.5
a7e1302d-4739-4265-970a-1effa59fbdbf,34.71,Regular,1,2500.0,1,1,8,1,26.93,30.16,25.0,76.59
0c55bc3a-1583-4e46-9446-666abe0d0219,34.65,Regular,2,2900.0,2,2,46,1,28.96,69.72,15.38,21.58
17d3f8bc-3e50-4632-b716-c99b8182a692,34.64,Regular,1,43800.0,1,1,75,1,67.96,30.16,8.33,8.21
5205ee34-7ccf-40ee-b1d1-283628ffda16,34.62,Regular,1,44900.0,1,1,76,1,68.48,30.16,7.69,7.94
97c127ca-6116-4918-ae63-89681d10c170,34.54,Regular,3,300.0,2,2,12,1,9.18,69.72,15.38,67.03
d337cc97-c5f9-4ea3-b17a-fb1e5b9c80fd,34.54,Regular,1,3100.0,1,1,1,1,30.19,30.16,7.69,96.72
2921c195-ed76-46a3-bf21-a7642b97f4e9,34.41,Regular,1,4200.0,1,1,4,1,33.76,30.16,7.69,87.52
ce9793f8-970e-4b96-b786-5f4848d5d1be,34.36,Regular,2,28700.0,1,1,56,1,61.08,30.16,12.5,15.46
f31ce525-0584-407f-a81d-03eb4261ce36,34.35,Regular,1,2050.0,1,1,7,1,24.79,30.16,25.0,79.19
9bb169f5-18d7-4c67-aab8-9e5ffdb9913d,34.33,Regular,1,20500.0,1,1,33,1,56.79,30.16,7.69,33.29
615c5818-dfb0-4da7-a337-7eb319a251e6,34.24,Regular,1,3750.0,1,1,15,1,32.43,30.16,25.0,60.65
9e694fb0-cc2f-4b29-bbbd-8111377273a5,34.23,Regular,2,4400.0,1,1,13,1,34.18,30.16,20.0,64.83
ce11bf1d-00ff-435a-b8ad-a152a47724ea,34.13,Regular,1,43500.0,1,1,83,1,67.78,30.16,7.69,6.29
404926d9-8f76-47f7-8237-bc9f26ae6aa6,34.06,Regular,1,15600.0,1,1,41,1,52.93,30.16,16.67,25.5
98a6aba3-2647-41c0-8029-7f6bbe1aec50,34.04,Regular,3,5100.0,2,1,67,1,37.38,69.72,7.69,10.72
c8edd23a-9726-4143-bdb1-fd30e0128c6e,34.04,Regular,1,29600.0,1,1,48,1,61.56,30.16,7.69,20.19
dad9f470-0328-48d2-89fd-b5ca73e18dba,33.96,Regular,1,2050.0,1,1,8,1,24.79,30.16,25.0,76.59
08d00f91-5b04-441b-a281-96691250b053,33.91,Regular,1,42250.0,1,1,83,1,67.15,30.16,7.69,6.29
731d83e4-fb97-4f1d-840b-6702d4e29a83,33.91,Regular,1,30050.0,1,1,50,1,61.75,30.16,7.69,18.89
05d10e76-9bc9-41a4-8a48-768e50d51088,33.87,Regular,1,1750.0,1,1,6,1,22.28,30.16,25.0,81.87
b2117d4b-2922-4b4a-9691-62ce387f7ed4,33.82,Regular,1,22050.0,1,1,39,1,57.91,30.16,7.69,27.25
413059ee-a069-41df-b99b-295f308b755f,33.79,Regular,1,32500.0,1,1,56,1,62.86,30.16,7.69,15.46
f1692c90-63f3-4e00-b486-c8ffa2e8bdf1,33.77,Regular,1,13050.0,1,1,38,1,50.97,30.16,16.67,28.18
3b04a250-2c95-45eb-9242-8b35dd33fbc8,33.7,Regular,1,5150.0,1,1,9,1,37.5,30.16,7.69,74.08
53c42a4f-d610-4c98-8ca3-428e94d934e1,33.61,Regular,1,20800.0,1,1,43,1,57.13,30.16,10.0,23.85
8326935d-de4c-4adb-9755-83cafffa49d2,33.46,Regular,2,39200.0,1,1,84,1,65.94,30.16,7.69,6.08
2c794d5f-5831-4f6a-99da-99ec995f4539,33.41,Regular,1,8700.0,1,1,25,1,45.08,30.16,14.29,43.46
560ebc75-ca12-4f1b-a394-e19c690f2b60,33.38,Regular,2,1250.0,2,1,20,1,18.09,69.72,7.69,51.34
db15f423-98ba-4547-a7f9-acfbf2321d09,33.35,Regular,1,4250.0,1,1,20,1,33.88,30.16,25.0,51.34
2b0b2298-9703-4ab5-bf0e-244a091ba09d,33.34,Regular,1,4000.0,1,1,6,1,33.12,30.16,7.69,81.87
107d3dad-4a48-4f3e-a54d-abfbf0f6b173,33.32,Regular,1,2200.0,1,1,0,1,25.3,30.16,7.69,100.0
6ebc52f8-c545-4d91-a7e2-26668ee05353,33.26,Regular,1,700.0,1,1,0,1,12.77,30.16,25.0,100.0
5123fe3d-8ac0-4770-905c-a1226f5eba90,33.26,Regular,1,700.0,1,1,0,1,12.77,30.16,25.0,100.0
04b59af3-2ffd-4264-a67d-d5c13f4a6b94,33.21,Regular,1,6200.0,1,1,13,1,40.07,30.16,7.69,64.83
1786310e-2849-45b3-8924-2270af212fb0,33.21,Regular,1,12100.0,1,1,26,1,49.82,30.16,7.69,42.04
de0672aa-524b-4461-862b-fa7f0471e8e1,33.15,Regular,1,7100.0,1,1,16,1,42.54,30.16,7.69,58.66
4bb95caa-3152-43d3-88ec-1a7d11660a7d,33.15,Regular,1,37600.0,1,1,84,1,65.07,30.16,7.69,6.08
c077fb6a-e794-4082-b607-db4910d15ee7,33.13,Regular,1,19600.0,1,1,51,1,56.34,30.16,12.5,18.27
36d9b87f-7ad5-4537-98b4-2c7edca2accf,33.08,Regular,1,14800.0,1,1,42,1,52.2,30.16,14.29,24.66
9ca4583c-540f-4f9c-8569-17cccf2f83e6,33.06,Regular,1,11750.0,1,1,39,1,49.34,30.16,16.67,27.25
5fcd7c33-239e-47f2-9b18-d4c9abd95848,33.04,Regular,3,37000.0,1,1,84,1,64.76,30.16,7.69,6.08
c15acd6b-0a51-40c0-b7bd-eb1b152c1fd6,33.04,Regular,1,31950.0,1,1,66,1,62.62,30.16,7.69,11.08
6dee4850-4613-4b0a-97a9-0c074eca356b,33.02,Regular,1,25100.0,1,1,51,1,59.48,30.16,7.69,18.27
72538434-7b37-4d72-8631-bf37e9f7513f,33.02,Regular,1,6600.0,1,1,19,1,41.12,30.16,12.5,53.08
726370d7-599c-45ed-a2c1-b1fa567c61ee,33.0,Regular,1,4950.0,1,1,25,1,36.26,30.16,25.0,43.46
ffe7b3ac-7c57-487d-91bc-de505fdfdcab,32.94,Regular,2,2500.0,1,1,13,1,26.93,30.16,25.0,64.83
08b297a7-91a2-490a-9619-45f0d85928d2,32.92,Regular,1,2000.0,1,1,10,1,23.94,30.16,25.0,71.65
e90ce536-fd4a-42e3-9e54-eb1eefb34472,32.9,Regular,1,34900.0,1,1,81,1,64.07,30.16,7.69,6.72
a6de6640-d7a6-41ad-8b29-ebb90de4f9c7,32.89,Regular,2,1400.0,2,2,33,1,18.93,69.72,15.38,33.29
d3a17516-7ba5-4eb7-a02a-452e916ebe40,32.85,Regular,1,10000.0,1,1,23,1,46.92,30.16,7.69,46.46
79600678-b3e9-4f7d-9f99-068bfc83c4bc,32.77,Regular,1,700.0,1,1,1,1,12.77,30.16,25.0,96.72
ce523a6c-557f-4925-a4f8-b4d5d62b4fa3,32.7,Regular,1,4800.0,1,1,10,1,35.69,30.16,7.69,71.65
e8df462f-6bfb-423d-a29e-8544b3193a2b,32.69,Regular,2,4650.0,1,1,25,1,35.39,30.16,25.0,43.46
fbf4c6c3-c05b-4660-b471-910d3e76c37b,32.64,Regular,1,3350.0,1,1,7,1,31.28,30.16,9.09,79.19
0534e24e-70e9-4af4-a061-07dfe135e705,32.54,Regular,1,9000.0,1,1,34,1,45.71,30.16,16.67,32.2
cb76094a-3a87-464f-b0bb-69b128532906,32.45,Regular,1,10400.0,1,1,40,1,47.98,30.16,16.67,26.36
08fee350-8574-4af1-9d8b-aeb0bc21b4ef,32.43,Regular,1,1450.0,1,1,7,1,19.32,30.16,25.0,79.19
ee3c602c-f476-4af8-a1e9-f1020988d6d0,32.43,Regular,2,4550.0,2,1,85,1,34.84,69.72,7.69,5.88
34e26a10-13ae-49e7-9450-0c35eb822bae,32.4,Regular,1,600.0,1,1,1,1,11.71,30.16,25.0,96.72
e436f984-f6ac-4d79-bda6-0ca60db6551f,32.4,Regular,1,12700.0,1,1,31,1,50.27,30.16,7.69,35.58
06be0fdc-6bc3-4753-a29e-6ef298e1a6d6,32.37,Regular,1,7500.0,1,1,20,1,43.45,30.16,7.69,51.34
13a5ab65-b44b-4c89-90c0-d3dc2ef1c90b,32.32,Regular,1,3100.0,1,1,19,1,30.19,30.16,25.0,53.08
2d1712b4-343c-4281-953f-f41112f87ab7,32.28,Regular,2,32600.0,1,1,89,1,62.98,30.16,7.69,5.15
0795f285-f640-4e22-8f22-165f92050d3e,32.21,Regular,1,3900.0,1,1,23,1,32.73,30.16,25.0,46.46
250fc51a-3b8a-44be-aa4a-7c8a5d9f54f5,32.11,Regular,1,7850.0,1,1,22,1,44.11,30.16,7.69,48.03
9474b151-93d0-44f2-b663-0c5de432683f,32.07,Regular,3,2750.0,2,1,61,1,28.29,69.72,11.11,13.09
35cf7b0e-b055-4f36-9bd7-a0e4b78c2c86,32.02,Regular,1,22000.0,1,1,56,1,57.82,30.16,7.69,15.46
ed4d0dde-2661-44c5-ba3a-1cf1ff3448f9,31.98,Regular,1,7700.0,1,1,22,1,43.75,30.16,7.69,48.03
80a9ce9f-dc54-43eb-9b58-4e0fba0ac7f5,31.86,Regular,1,1200.0,1,1,7,1,17.69,30.16,25.0,79.19
aad6b9cb-893c-4c73-bc3a-cd02dfaaa667,31.83,Regular,2,24100.0,1,1,65,1,59.0,30.16,7.69,11.46
e693f7e9-8076-420a-bab5-3d9a20b6890b,31.78,Regular,1,16200.0,1,1,43,1,53.53,30.16,7.69,23.85
2196beee-e3a1-424c-869c-8517a40a6443,31.75,Regular,1,4900.0,1,1,16,1,36.08,30.16,11.11,58.66
955cf99c-253b-4591-a391-9b6062d41975,31.74,Regular,1,5000.0,1,1,14,1,36.78,30.16,7.69,62.71
90285123-be8a-4dda-a1c8-71f7931502a8,31.74,Regular,2,1550.0,2,2,47,1,20.95,69.72,15.38,20.87
b1d9c5ec-0887-40c0-8f1e-f3e2a5f68820,31.7,Regular,2,28500.0,1,1,84,1,60.93,30.16,7.69,6.08
b618ecea-ed04-4f97-a827-f4643524dce5,31.64,Regular,1,1000.0,1,1,6,1,15.91,30.16,25.0,81.87
bc7ba093-2dd5-4047-be08-851f76f3812c,31.63,Regular,3,26300.0,1,1,84,1,60.27,30.16,8.33,6.08
aa351ebb-ae6d-45ae-8dd5-70d3f836e678,31.52,Regular,1,3100.0,1,1,8,1,30.19,30.16,7.69,76.59
27c1cb3a-4190-4792-8b65-d67bfe7e8057,31.51,Regular,1,26100.0,1,1,80,1,60.02,30.16,7.69,6.95
c5d2281b-8e3d-4c72-9131-28043b4e2b3c,31.49,Regular,1,24150.0,1,1,72,1,59.06,30.16,7.69,9.07
8f3e138c-3b37-46e3-a619-5d11a6890f64,31.45,Regular,1,2200.0,1,1,16,1,25.3,30.16,25.0,58.66
25648dc4-dac2-48c5-9931-ae0bfece0506,31.41,Regular,1,10200.0,1,1,31,1,47.46,30.16,7.69,35.58
e3014f17-5a9f-4d96-96ab-3d90d1b29f69,31.36,Regular,2,4800.0,1,1,14,1,35.69,30.16,7.69,62.71
febce3e7-cd89-4835-85d6-3aa25759d35e,31.32,Regular,1,2000.0,1,1,11,1,23.94,30.16,20.0,69.3
7eca1905-7cfd-48a8-b258-6affd88ffaaa,31.31,Regular,1,5650.0,1,1,32,1,38.89,30.16,20.0,34.42
2e92b260-e1f3-4c9c-8450-47b48f81eff7,31.3,Regular,1,26150.0,1,1,88,1,60.11,30.16,7.69,5.32
8b858560-25ce-47a1-8ab5-051b64be55e8,31.3,Regular,1,9700.0,1,1,30,1,46.62,30.16,7.69,36.79
e159ae8e-d6a7-4e02-aa62-34a4a505a3ff,31.27,Regular,1,2300.0,1,1,17,1,25.63,30.16,25.0,56.74
83eb31fa-c01d-4029-8896-3a6ff7f3787b,31.2,Regular,1,13500.0,1,1,41,1,51.18,30.16,7.69,25.5
96c55e47-9e29-428e-b3e2-33645e42a49a,31.12,Regular,1,200.0,1,1,1,1,8.06,30.16,25.0,96.72
80a17715-16cc-448c-8c4d-9f92821dbb00,31.1,Regular,1,500.0,1,1,3,1,10.69,30.16,25.0,90.48
a80f222b-a741-4367-8300-0154f8b0c90c,31.1,Regular,1,500.0,1,1,3,1,10.69,30.16,25.0,90.48
fa812c8a-65f6-40f7-ade5-e44b990bda99,31.07,Regular,2,12200.0,1,1,49,1,49.94,30.16,12.5,19.53
d5746366-73dd-4757-b6c6-47a557689c6d,31.02,Regular,1,7000.0,1,1,36,1,42.27,30.16,16.67,30.12
2ec48600-724a-4fa8-b20a-eadfd89d5f26,31.0,Regular,1,23450.0,1,1,82,1,58.76,30.16,7.69,6.5
2f538cb1-3a04-4c3f-acdc-2afef58209db,30.99,Regular,1,2850.0,1,1,8,1,28.68,30.16,7.69,76.59
61244ca1-dc99-4650-a726-ed510fbd8ea4,30.95,Regular,1,3200.0,1,1,10,1,30.68,30.16,7.69,71.65
04db8fce-b762-4d26-8e47-af378bf1f9f4,30.74,Regular,1,2700.0,1,1,8,1,27.96,30.16,7.69,76.59
aa3427b8-397e-4e45-b206-212f2073edf5,30.62,Regular,1,10050.0,1,1,48,1,47.07,30.16,14.29,20.19
c80a3477-262a-41cb-9fb0-4b304dde33b6,30.6,Regular,1,2450.0,1,1,7,1,26.45,30.16,7.69,79.19
cdec64df-1979-43eb-beaa-e61673e51d3d,30.56,Regular,1,1500.0,1,1,13,1,20.14,30.16,25.0,64.83
6bf5eb16-d653-47fb-bece-19ab9f4a426d,30.56,Regular,1,100.0,1,1,1,1,6.46,30.16,25.0,96.72
07daddce-e2d8-45a6-acff-175e0c6b0aec,30.53,Regular,1,1700.0,1,1,15,1,21.83,30.16,25.0,60.65
a010bc21-37ec-498d-8d74-87965fb653e9,30.53,Regular,1,1700.0,1,1,15,1,21.83,30.16,25.0,60.65
787ad048-3b6d-4275-b146-0266a33b1719,30.49,Regular,1,20500.0,1,1,77,1,56.79,30.16,7.69,7.68
af0c694d-f8cf-4919-b7f6-075e33eb00d3,30.49,Regular,2,17600.0,1,1,63,1,54.83,30.16,7.69,12.25
277b4faa-0ef0-4e0c-a170-bc550cfa8b88,30.48,Regular,1,6750.0,1,1,38,1,41.55,30.16,16.67,28.18
fc62bc8f-359c-4a80-a8c0-73d57d1c356e,30.47,Regular,1,18700.0,1,1,76,1,55.62,30.16,9.09,7.94
a95373f5-d092-4828-90ae-893f7ac34fdb,30.44,Regular,1,4050.0,1,1,15,1,33.48,30.16,8.33,60.65
40513020-b69e-447e-93a5-cafe2d05e51b,30.43,Regular,1,3650.0,1,1,13,1,32.13,30.16,7.69,64.83
193445d8-8444-4278-b06d-97cfe84cf1ce,30.42,Regular,1,18200.0,1,1,68,1,55.43,30.16,7.69,10.37
a66fbb51-4706-4575-aad4-fef5f0aec67d,30.4,Regular,2,1000.0,1,1,4,1,15.91,30.16,16.67,87.52
33b713bd-82af-40fb-8908-ab995e0d848c,30.39,Regular,2,1900.0,2,2,80,1,23.07,69.72,15.38,6.95
eb0e1f39-727e-4a3b-a05a-1918c0c39915,30.39,Regular,1,6700.0,1,1,27,1,41.36,30.16,9.09,40.66
234d1932-836a-4a0c-b290-a2617b94771e,30.33,Regular,2,7300.0,1,1,30,1,42.84,30.16,9.09,36.79
e5f98412-fa52-475e-8baa-9f2e42055415,30.3,Regular,1,14100.0,1,1,50,1,51.45,30.16,7.69,18.89
7c727b9b-2041-488e-9cc3-ce88cf89afd2,30.24,Regular,1,9000.0,1,1,47,1,45.71,30.16,14.29,20.87
d9078e03-6090-4b07-a860-7a66e42fe6a6,30.23,Regular,1,7100.0,1,1,38,1,42.54,30.16,14.29,28.18
0a73bf1f-8c2a-4a3b-b81e-0f818d73a4fb,30.14,Regular,2,700.0,1,1,7,1,12.77,30.16,25.0,79.19
6fbfbbe9-9227-4967-abca-a647816352f8,30.11,Regular,1,15000.0,1,1,56,1,52.36,30.16,7.69,15.46
a82ad29f-677a-4ebc-b607-0d682f86ac47,30.09,Regular,1,1500.0,1,1,3,1,20.14,30.16,7.69,90.48
12236056-a282-4fb4-aa13-48ed2319db72,30.06,Regular,1,18750.0,1,1,78,1,55.68,30.16,7.69,7.43
2d4165d0-1980-4a1b-9a82-88e64bcf10fa,30.04,Regular,1,12900.0,1,1,50,1,50.69,30.16,7.69,18.89
b023fde7-c242-4f26-895e-3cd52abe069c,29.99,Ocasional,1,1000.0,1,1,7,1,15.91,30.16,20.0,79.19
54171d4b-de87-4fdb-a7c0-ced55bb9a3ad,29.88,Ocasional,1,19000.0,1,1,86,1,55.89,30.16,7.69,5.69
8e401784-8d5c-4529-ab09-c8e18f4378b9,29.87,Ocasional,1,14150.0,1,1,60,1,51.51,30.16,9.09,13.53
04a8691a-1b3c-4b69-8b5d-37d4da776226,29.87,Ocasional,1,6950.0,1,1,29,1,42.0,30.16,7.69,38.03
e30d61b9-10b0-4fbd-9858-133e1e6532c8,29.85,Ocasional,1,4500.0,1,1,20,1,34.6,30.16,10.0,51.34
fec1c1a7-2412-4d1d-aec6-27622cb0cd34,29.84,Ocasional,1,4000.0,1,1,29,1,33.12,30.16,20.0,38.03
2a9e5945-f5cf-44f6-92ca-4f38992716f9,29.81,Ocasional,1,500.0,1,1,6,1,10.69,30.16,25.0,81.87
01792b12-3074-4b0f-ba3f-44fcbc9600d3,29.78,Ocasional,1,50.0,1,1,0,1,2.84,30.16,25.0,100.0
01fc5dda-7043-4117-8f30-d97718c80b93,29.78,Ocasional,1,50.0,1,1,0,1,2.84,30.16,25.0,100.0
8bd31f78-0516-437c-aba7-db1a0648a07b,29.78,Ocasional,1,11150.0,1,1,46,1,48.79,30.16,7.69,21.58
6a211440-36e3-45d8-a838-07ae17104c9c,29.76,Ocasional,1,1000.0,1,1,11,1,15.91,30.16,25.0,69.3
918e455d-78c4-47b8-8691-181e696341d3,29.75,Ocasional,1,700.0,1,1,8,1,12.77,30.16,25.0,76.59
85824f21-7c0a-4c03-acd5-bc79b7e09314,29.69,Ocasional,1,1200.0,1,1,2,1,17.69,30.16,7.69,93.55
b093aa71-7e68-4783-b540-2c07865cb6d3,29.65,Ocasional,1,2900.0,1,1,12,1,28.96,30.16,7.69,67.03
60910d90-9bce-462a-afb1-1256f9c02bae,29.64,Ocasional,1,1500.0,1,1,4,1,20.14,30.16,7.69,87.52
afc47ff8-a1a6-4970-b8fb-26712eea1e8c,29.52,Ocasional,1,2500.0,1,1,26,1,26.93,30.16,25.0,42.04
c2f6ec1a-71b2-486a-b405-d313be4e4068,29.49,Ocasional,5,550.0,3,2,86,1,11.38,83.21,15.38,5.69
d841175c-e50e-42c5-b9e0-c41a49b4baa1,29.47,Ocasional,1,16250.0,1,1,75,1,53.65,30.16,7.69,8.21
257ee326-07ac-4e1b-b5c9-80494982f58a,29.44,Ocasional,3,2200.0,2,1,75,1,25.3,69.72,7.69,8.21
54f4de6e-ae53-4cb6-8c12-74650a729f0a,29.41,Ocasional,1,4550.0,1,1,35,1,34.84,30.16,20.0,31.14
a8edca02-5864-433e-817e-aa397ba52b51,29.39,Ocasional,2,11450.0,1,1,51,1,49.09,30.16,7.69,18.27
88f33620-53a9-4806-a901-91b2ca162b1b,29.38,Ocasional,1,8450.0,1,1,48,1,44.81,30.16,12.5,20.19
f2e83337-bf20-4a8f-a5da-09d3c7c6d73e,29.35,Ocasional,1,1500.0,1,1,17,1,20.14,30.16,25.0,56.74
a1b2267e-cfdd-44d8-b8ee-11a94f58b7e1,29.3,Ocasional,1,2700.0,1,1,12,1,27.96,30.16,7.69,67.03
231da21f-05e7-408b-964c-98934f1048f3,29.28,Ocasional,1,800.0,1,1,0,1,13.77,30.16,7.69,100.0
e7d24ab4-d278-4ca1-a2fa-d7c86f6b2016,29.22,Ocasional,1,16400.0,1,1,85,1,53.93,30.16,7.69,5.88
0986a890-dac0-4968-bd80-3059b16d28e9,29.17,Ocasional,3,450.0,2,1,26,1,10.02,69.72,7.69,42.04
89dcc50d-a435-411e-a105-69a39d9f56ab,29.09,Ocasional,2,2200.0,2,1,85,1,25.3,69.72,7.69,5.88
ad2650d6-00c9-49ec-b6bc-cac54c2b39eb,29.07,Ocasional,2,1500.0,1,1,18,1,20.14,30.16,25.0,54.88
63ba1a6b-2179-4db5-a246-aecd22d607c8,29.04,Ocasional,1,16250.0,1,1,88,1,53.65,30.16,7.69,5.32
7df82ae0-b4db-4a24-b45f-d2d30e1af595,29.03,Ocasional,1,14550.0,1,1,71,1,51.87,30.16,7.69,9.38
38434b2b-e5ce-4cfb-8c3b-ab5d8a9add49,29.01,Ocasional,1,3100.0,1,1,28,1,30.19,30.16,20.0,39.32
72af3860-db99-4df9-9522-1c5c5fcf50bf,29.01,Ocasional,1,3500.0,1,1,31,1,31.79,30.16,20.0,35.58
12b74048-3ac8-41cd-9251-6a0291ceda51,28.99,Ocasional,2,1300.0,1,1,16,1,18.3,30.16,25.0,58.66
23e56803-e174-4dc4-b3f2-6e0eaf5d5c59,28.96,Ocasional,1,15150.0,1,1,77,1,52.42,30.16,7.69,7.68
fb7203b9-e195-419a-8b70-3d2005e80431,28.94,Ocasional,1,5350.0,1,1,27,1,38.22,30.16,7.69,40.66
f0931cb9-2292-4abc-b9b8-dac6ab07f4c3,28.89,Ocasional,1,6200.0,1,1,34,1,40.07,30.16,10.0,32.2
9658c198-d00c-4232-87b9-e69878c74bea,28.86,Ocasional,3,1000.0,2,2,73,1,15.91,69.72,18.18,8.77
d25efa29-46df-45a0-8134-52764f2038bf,28.85,Ocasional,1,15700.0,1,1,88,1,53.11,30.16,7.69,5.32
4119036d-33c9-4f28-8e92-ec755953d20e,28.81,Ocasional,1,3100.0,1,1,29,1,30.19,30.16,20.0,38.03
4dda9eef-eb64-48e4-8f48-36e1a0927f5d,28.73,Ocasional,1,7850.0,1,1,41,1,44.11,30.16,7.69,25.5
42821877-ceed-4329-9bb2-13966ccf2f80,28.67,Ocasional,2,5000.0,1,1,39,1,36.78,30.16,16.67,27.25
4f891e66-c21d-4d05-8afc-9a2cccd2341e,28.65,Ocasional,1,1900.0,1,1,9,1,23.07,30.16,7.69,74.08
699f9d26-ccf1-4af7-8f4f-bb0f88925cf7,28.64,Ocasional,1,600.0,1,1,10,1,11.71,30.16,25.0,71.65
51069535-862c-4f4a-904d-a7e36119136e,28.54,Ocasional,1,3100.0,1,1,17,1,30.19,30.16,7.69,56.74
0675c081-d8ef-4431-b5c5-62185d1963ec,28.51,Ocasional,1,1050.0,1,1,4,1,16.91,30.16,7.69,87.52
f238023d-e6c6-4a7f-be38-c7232eb2037a,28.49,Ocasional,2,300.0,1,1,8,1,9.18,30.16,25.0,76.59
de87591e-43c5-4f55-b1ac-cd40fa438f11,28.49,Ocasional,1,3450.0,1,1,19,1,31.61,30.16,7.69,53.08
2f6220e2-59d1-4aec-ac28-814cb179bac9,28.47,Ocasional,1,14750.0,1,1,88,1,52.02,30.16,7.69,5.32
2f7cd4db-2415-4f95-b388-0fab1cd1fe19,28.46,Ocasional,1,1000.0,1,1,15,1,15.91,30.16,25.0,60.65
d90461e9-d3cd-482b-9da4-6ca8a09102ee,28.4,Ocasional,1,13950.0,1,1,82,1,51.33,30.16,7.69,6.5
b6fcb213-10b0-4c06-8e05-2cbf3af3bfe2,28.39,Ocasional,1,1500.0,1,1,7,1,20.14,30.16,7.69,79.19
7a541706-ebf0-4272-b7c5-1bc6f55a63a2,28.36,Ocasional,1,1600.0,1,1,8,1,21.17,30.16,7.69,76.59
a0cacfcf-97a5-4732-85de-1315a4b5cf03,28.32,Ocasional,1,12750.0,1,1,75,1,50.36,30.16,7.69,8.21
33acfc7f-7128-4edb-8561-f053a9ceeaa1,28.32,Ocasional,1,700.0,1,1,12,1,12.77,30.16,25.0,67.03
3ad0ef1b-a7e7-4b3a-91b0-79a18597a26c,28.3,Ocasional,1,12800.0,1,1,81,1,50.48,30.16,8.33,6.72
a799791e-4ab2-4874-a3c3-5241e197c7a0,28.3,Ocasional,1,11650.0,1,1,67,1,49.21,30.16,7.69,10.72
43b041fd-40d8-489b-aa99-3529aa5ed96b,28.3,Ocasional,1,2500.0,1,1,14,1,26.93,30.16,7.69,62.71
fee9689e-85d2-4609-9aa9-1d43a8a9e26a,28.29,Ocasional,1,5450.0,1,1,31,1,38.53,30.16,7.69,35.58
a0e77790-925b-447a-88b1-9c90dde72d6b,28.28,Ocasional,1,7750.0,1,1,44,1,43.87,30.16,7.69,23.07
7ac9e7b9-c435-41dd-89ad-1a4f4a9897e1,28.25,Ocasional,1,13000.0,1,1,82,1,50.88,30.16,7.69,6.5
9ed0de68-8802-45b1-88b7-7e59804f8ce5,28.24,Ocasional,1,2000.0,1,1,11,1,23.94,30.16,7.69,69.3
2aee0f29-4d62-4498-a582-be351ad0d82b,28.23,Ocasional,2,1800.0,2,1,82,1,22.58,69.72,7.69,6.5
e3086307-ab08-48ad-b792-73d13d1f2468,28.22,Ocasional,1,14000.0,1,1,89,1,51.39,30.16,7.69,5.15
6af10740-6280-401d-a737-a2a9f46e8618,28.17,Ocasional,1,6000.0,1,1,46,1,39.49,30.16,14.29,21.58
dadb09f9-9eb9-44c4-8655-0814fdb8e9a1,28.16,Ocasional,1,1000.0,1,1,16,1,15.91,30.16,25.0,58.66
0cdac6a0-5cbe-424c-b6b2-96480dbd3431,28.13,Ocasional,1,4000.0,1,1,34,1,33.12,30.16,16.67,32.2
028976c0-e04e-4824-800c-09151b61d665,28.12,Ocasional,2,12950.0,1,1,85,1,50.79,30.16,7.69,5.88
5ab3140a-c7a7-457b-9325-16086b50833e,28.12,Ocasional,1,1800.0,1,1,10,1,22.58,30.16,7.69,71.65
f7efba95-5772-4b86-a3e7-486a5f33fa4c,28.04,Ocasional,2,1500.0,1,1,22,1,20.14,30.16,25.0,48.03
bf7c4a8f-edb4-4db2-b1d7-d40843b3957d,28.02,Ocasional,1,7500.0,1,1,45,1,43.45,30.16,7.69,22.31
33ecb79a-5849-467a-b047-0abbc4023f8c,27.97,Ocasional,1,3050.0,1,1,33,1,29.83,30.16,20.0,33.29
52e5c454-e9d0-4835-aaa5-142cffab3bf5,27.97,Ocasional,1,1400.0,1,1,7,1,18.93,30.16,7.69,79.19
6c1943a9-6365-4ae6-bb5f-fb5615325df3,27.89,Ocasional,1,3900.0,1,1,23,1,32.73,30.16,7.69,46.46
d634f86a-3f8f-4435-b2da-e4311b58436c,27.84,Ocasional,1,1100.0,1,1,10,1,17.09,30.16,14.29,71.65
ef689a04-4df4-4d97-bde3-b18a5a455aba,27.84,Ocasional,1,5350.0,1,1,33,1,38.22,30.16,7.69,33.29
6834a1ed-c87d-4b4b-822e-ace3b61a7fde,27.83,Ocasional,1,10750.0,1,1,77,1,48.19,30.16,9.09,7.68
1e37eee4-6966-47fc-bfcf-da6ae2d14405,27.76,Ocasional,1,9300.0,1,1,68,1,46.2,30.16,10.0,10.37
4f193631-eb5e-4ebf-9425-3b04c6d86318,27.76,Ocasional,1,600.0,1,1,2,1,11.71,30.16,8.33,93.55
a0aebc44-c692-4d93-9d9e-0c963a59107c,27.72,Ocasional,1,200.0,1,1,9,1,8.06,30.16,25.0,74.08
379112ed-707a-47c1-8f8f-f1fcda700941,27.68,Ocasional,1,1200.0,1,1,20,1,17.69,30.16,25.0,51.34
fe4af648-4b01-4ee7-a912-b711444831b4,27.68,Ocasional,1,7700.0,1,1,51,1,43.75,30.16,8.33,18.27
67f33bf9-261c-403f-a492-48faf51545bf,27.67,Ocasional,1,1000.0,1,1,11,1,15.91,30.16,16.67,69.3
99c9870d-f93a-4250-a663-5391a2d172e7,27.67,Ocasional,1,2900.0,1,1,33,1,28.96,30.16,20.0,33.29
5b06c4f6-2f51-4603-a442-0a2dc000dabf,27.54,Ocasional,2,1500.0,2,1,82,1,20.14,69.72,8.33,6.5
51135a64-f5ef-498f-bbeb-b9fa8ef1192d,27.53,Ocasional,1,6050.0,1,1,41,1,39.7,30.16,9.09,25.5
ba78c5af-3406-4980-95de-3d080b87010f,27.5,Ocasional,1,550.0,1,1,13,1,11.38,30.16,25.0,64.83
771e202c-466d-49ac-8f83-51107f0f8845,27.5,Ocasional,2,5000.0,1,1,32,1,36.78,30.16,7.69,34.42
e8ecb1a7-f1fa-43cd-861d-2422a05c7f9d,27.46,Ocasional,1,2550.0,1,1,31,1,27.39,30.16,20.0,35.58
5f68f359-a181-4769-9853-de65259cb3ab,27.36,Ocasional,1,5200.0,1,1,48,1,37.77,30.16,14.29,20.19
785d5f07-cf7d-4df2-bb97-73a284753951,27.36,Ocasional,1,700.0,1,1,15,1,12.77,30.16,25.0,60.65
7e38bcd5-6554-4c11-aa5f-cbf1c0e1bff0,27.3,Ocasional,1,1950.0,1,1,13,1,23.19,30.16,7.69,64.83
c8bb79dc-ef56-4df9-a9fa-a984141bf505,27.3,Ocasional,1,11000.0,1,1,86,1,48.52,30.16,7.69,5.69
e9f2bf72-2754-4974-9ede-22048603e2c9,27.28,Ocasional,1,7400.0,1,1,51,1,43.09,30.16,7.69,18.27
aa9c56e5-19d1-4875-bf67-26bdc14396b5,27.26,Ocasional,2,500.0,2,2,57,1,10.69,69.72,15.38,14.96
0082af19-8bf7-46f7-8a21-c34e46ac5e2a,27.26,Ocasional,1,1500.0,1,1,11,1,20.14,30.16,9.09,69.3
d27d3d46-e21c-47b1-87f6-9a021aecbc5c,27.26,Ocasional,1,500.0,1,1,13,1,10.69,30.16,25.0,64.83
ad826f40-96d0-4808-b14a-fcbc1cc89293,27.25,Ocasional,1,2000.0,1,1,14,1,23.94,30.16,7.69,62.71
90cd4100-60dc-42a1-82f2-85aa6e3110f9,27.2,Ocasional,1,10600.0,1,1,84,1,48.07,30.16,7.69,6.08
8b5c7e6d-1f59-4fa8-b1ce-ba97c7643827,27.18,Ocasional,1,300.0,1,1,1,1,9.18,30.16,7.69,96.72
b0ca1f26-5ca1-4728-b3b1-856a4631b2fa,27.18,Ocasional,1,300.0,1,1,1,1,9.18,30.16,7.69,96.72
50316ca6-d9b4-437f-a062-985b299f2dd4,27.16,Ocasional,1,7800.0,1,1,65,1,43.99,30.16,10.0,11.46
45a21953-3fc4-4b75-993b-c582246e9105,27.16,Ocasional,1,4000.0,1,1,27,1,33.12,30.16,7.69,40.66
50d5540c-7602-474a-8919-251fb1a71706,27.15,Ocasional,1,6250.0,1,1,55,1,40.25,30.16,12.5,15.99
4e159777-3c45-4eba-8b5f-220e735844b1,27.14,Ocasional,1,1500.0,1,1,26,1,20.14,30.16,25.0,42.04
2a168d8d-d917-4252-af6e-ff026b44a19c,27.13,Ocasional,1,4400.0,1,1,29,1,34.18,30.16,7.69,38.03
0913041a-0198-4e69-bf0a-1c983c0e7d1f,27.13,Ocasional,1,900.0,1,1,18,1,14.58,30.16,25.0,54.88
da121c11-ad4f-4ba9-bf1d-7b573b28fe3f,27.12,Ocasional,1,2200.0,1,1,16,1,25.3,30.16,7.69,58.66
722cd804-f770-44d8-8f6e-9ae6122067cf,27.06,Ocasional,1,3500.0,1,1,38,1,31.79,30.16,16.67,28.18
aafab229-0e7e-41e2-a63b-60d317c62383,27.06,Ocasional,1,1000.0,1,1,20,1,15.91,30.16,25.0,51.34
b620620b-b0a2-4746-8553-2fe19a6bf61a,27.04,Ocasional,1,10350.0,1,1,87,1,47.86,30.16,7.69,5.5
9c7f5c3c-5cfd-4292-a749-b2412c7b0750,27.01,Ocasional,1,5000.0,1,1,48,1,36.78,30.16,14.29,20.19
4d2eb67e-f3e5-41a4-bb17-e712eb456f54,26.96,Ocasional,1,4000.0,1,1,28,1,33.12,30.16,7.69,39.32
c5506e2e-7b3e-4b66-8d4c-df7b5fed40b3,26.95,Ocasional,2,250.0,1,1,12,1,8.88,30.16,25.0,67.03
ecc1f059-9da4-42e9-bf10-42110ff974b6,26.95,Ocasional,1,400.0,1,1,13,1,9.81,30.16,25.0,64.83
e7e861e5-2c2b-4e3b-a907-98f188fe9701,26.87,Ocasional,1,10100.0,1,1,85,1,47.22,30.16,7.69,5.88
b89e40fa-a5ef-4348-8881-59183f72e341,26.87,Ocasional,2,5600.0,1,1,46,1,38.83,30.16,10.0,21.58
1600e9f0-7d06-44f6-b4ef-d8f82416da61,26.84,Ocasional,1,6850.0,1,1,51,1,41.82,30.16,7.69,18.27
19b94a91-35c2-4f4d-9611-5cf4ea0461be,26.83,Ocasional,1,9900.0,1,1,81,1,46.74,30.16,7.69,6.72
3948be5a-9974-4cf3-ab47-42bb22bfa2e1,26.83,Ocasional,1,1700.0,1,1,13,1,21.83,30.16,7.69,64.83
4eb5244f-9a8b-439a-a2f0-8be0783ae7a4,26.83,Ocasional,1,350.0,1,1,2,1,9.51,30.16,7.69,93.55
30cb546a-9b07-4224-b943-29e704ae0d31,26.79,Ocasional,1,8200.0,1,1,72,1,44.63,30.16,9.09,9.07
068f464b-c26d-42ee-b41c-65c9316b14ff,26.63,Ocasional,1,500.0,1,1,15,1,10.69,30.16,25.0,60.65
d6f6079a-a53e-4b82-a795-b8778a56cbe5,26.63,Ocasional,1,2000.0,1,1,29,1,23.94,30.16,20.0,38.03
204c4879-9e83-46d6-b040-5af2f2fc7b40,26.62,Ocasional,1,250.0,1,1,13,1,8.88,30.16,25.0,64.83
6aac90cd-9bc3-492e-bbdb-29d367fc14f4,26.61,Ocasional,1,5000.0,1,1,42,1,36.78,30.16,10.0,24.66
96cfcc8b-b3e0-4c33-a0dc-f5aac8c73d79,26.57,Ocasional,1,800.0,1,1,19,1,13.77,30.16,25.0,53.08
255d0084-d515-436b-8c23-fe9a6c6dff95,26.45,Ocasional,1,100.0,1,1,11,1,6.46,30.16,25.0,69.3
931dbd3a-632c-4821-973b-132b508411de,26.36,Ocasional,1,6750.0,1,1,64,1,41.55,30.16,10.0,11.84
d48717d3-b310-4698-94fd-f2ad7d9fc7b9,26.35,Ocasional,1,1150.0,1,1,25,1,17.27,30.16,25.0,43.46
332798cb-731b-4bcb-b4a2-681e8e3d3ef6,26.34,Ocasional,1,1000.0,1,1,18,1,15.91,30.16,20.0,54.88
3229e1e6-d34e-4839-95c1-62bab0027d00,26.34,Ocasional,1,8150.0,1,1,78,1,44.57,30.16,8.33,7.43
a2f66382-cb99-4af2-98d4-26d70aacd7a6,26.33,Ocasional,1,1000.0,1,1,23,1,15.91,30.16,25.0,46.46
a495533a-6e5e-48ba-8c01-fe0e591350bc,26.31,Ocasional,1,5250.0,1,1,56,1,38.07,30.16,12.5,15.46
7a662abb-9809-4c4b-aacc-8eca5823dc1e,26.28,Ocasional,1,5200.0,1,1,55,1,37.77,30.16,12.5,15.99
f59a9869-9836-4180-9405-0cd17cbc40e6,26.28,Ocasional,1,6400.0,1,1,53,1,40.73,30.16,7.69,17.09
bbb4d2ae-314b-4854-9404-68656ccf98f6,26.28,Ocasional,1,4000.0,1,1,43,1,33.12,30.16,14.29,23.85
7e206c3f-201b-4d36-a569-0d6a6ec317ea,26.28,Ocasional,1,2200.0,1,1,19,1,25.3,30.16,7.69,53.08
6a081896-ca6b-46ea-b418-39cfd64a311b,26.27,Ocasional,1,50.0,1,1,8,1,2.84,30.16,25.0,76.59
ff2e941c-8808-4219-bdd9-33202e11c0b0,26.27,Ocasional,1,50.0,1,1,8,1,2.84,30.16,25.0,76.59
8a99c119-98e5-4eaa-8889-457e93585eb3,26.27,Ocasional,1,8950.0,1,1,84,1,45.41,30.16,7.69,6.08
cf6c5910-2da1-4b2b-b4f3-da93cc56108c,26.26,Ocasional,1,9000.0,1,1,88,1,45.71,30.16,7.69,5.32
b75c3455-9647-473d-9d11-47fa8fa4c4c1,26.23,Ocasional,2,950.0,1,1,22,1,14.95,30.16,25.0,48.03
0fa3df04-2f5b-40b9-a11e-bdcc4eb369f3,26.21,Ocasional,1,9000.0,1,1,90,1,45.71,30.16,7.69,4.98
07479d33-f956-461b-a5c6-c764a25d0687,26.2,Ocasional,1,2150.0,1,1,19,1,25.06,30.16,7.69,53.08
ade6e526-17fd-4048-8cb3-4ad3c92dc20a,26.18,Ocasional,1,7550.0,1,1,73,1,43.54,30.16,8.33,8.77
d501312d-dfb0-49d9-9522-6785b09c18aa,26.13,Ocasional,1,4300.0,1,1,47,1,33.97,30.16,14.29,20.87
635d24c5-5526-434a-9e11-a4b64bcd5aa1,26.1,Ocasional,1,300.0,1,1,15,1,9.18,30.16,25.0,60.65
d4675e9c-bf04-488f-aec5-f25851727e26,26.1,Ocasional,1,300.0,1,1,15,1,9.18,30.16,25.0,60.65
6f909162-e029-4a6e-862e-22adcf736f67,26.1,Ocasional,1,3000.0,1,1,39,1,29.44,30.16,16.67,27.25
2fdac936-eace-4a62-85b8-570d8c6a03b5,26.08,Ocasional,1,1200.0,1,1,27,1,17.69,30.16,25.0,40.66
8710011b-e270-4f2a-8a8a-f23a29ffbc04,26.04,Ocasional,1,500.0,1,1,17,1,10.69,30.16,25.0,56.74
17233658-9300-4a8e-b735-11c27fe4b357,26.01,Ocasional,2,6300.0,1,1,55,1,40.43,30.16,7.69,15.99
061731e6-2413-4dc3-9db5-d66cc995b17a,25.99,Ocasional,1,8000.0,1,1,81,1,44.32,30.16,7.69,6.72
f14ca979-cda6-4c6d-8676-266f6ede7894,25.95,Ocasional,1,6350.0,1,1,65,1,40.55,30.16,10.0,11.46
4f15c8e9-d7d0-4cb8-a54a-0e6cf61f197f,25.88,Ocasional,1,1000.0,1,1,25,1,15.91,30.16,25.0,43.46
49f389ef-e403-4290-a014-0c98c98ad52c,25.87,Ocasional,1,7000.0,1,1,67,1,42.27,30.16,7.69,10.72
b53be174-c452-4862-96eb-78ca79b2975f,25.86,Ocasional,2,2500.0,1,1,23,1,26.93,30.16,7.69,46.46
9170190e-ec06-4a47-9cf3-f9ca1de40fb9,25.83,Ocasional,1,8000.0,1,1,86,1,44.32,30.16,7.69,5.69
4bf60ac2-766f-420a-818f-b5ac17ac009d,25.83,Ocasional,3,3600.0,1,1,32,1,32.0,30.16,7.69,34.42
73ae6feb-f359-44bd-8806-2ea723b2296b,25.81,Ocasional,1,2000.0,1,1,19,1,23.94,30.16,7.69,53.08
72c52737-5b8f-41fb-a2a6-fdd99dbb0751,25.71,Ocasional,1,200.0,1,1,15,1,8.06,30.16,25.0,60.65
d4d36e9b-c3be-4c8f-8750-d99b503b5378,25.71,Ocasional,2,350.0,2,1,58,1,9.51,69.72,11.11,14.47
43c63ce1-4d32-46b1-b0b9-9d46c7a7786e,25.67,Ocasional,1,1000.0,1,1,26,1,15.91,30.16,25.0,42.04
e40f87db-f012-4394-8c19-0b695f2e3e96,25.64,Ocasional,1,5900.0,1,1,57,1,39.34,30.16,8.33,14.96
e18561e5-4616-4e58-8fad-ec803c6ce88a,25.62,Ocasional,1,6400.0,1,1,62,1,40.73,30.16,7.69,12.66
e3b0c097-9504-4c7b-8f2f-2f1f3cf75c12,25.61,Ocasional,1,4550.0,1,1,40,1,34.84,30.16,7.69,26.36
a92ab437-aa92-48f2-b0e8-0225815cb467,25.59,Ocasional,1,1300.0,1,1,13,1,18.3,30.16,7.69,64.83
567c5936-5454-4249-a11a-bacfe093a8d4,25.59,Ocasional,1,2000.0,1,1,35,1,23.94,30.16,20.0,31.14
28499eae-f47a-4bd4-baf4-ced00726dd44,25.57,Ocasional,1,7000.0,1,1,73,1,42.27,30.16,7.69,8.77
06afa0fa-365d-4f25-bd9f-4259643217cc,25.46,Ocasional,1,1000.0,1,1,27,1,15.91,30.16,25.0,40.66
f164e774-58cd-43e3-be05-3bc6d949994e,25.46,Ocasional,1,1000.0,1,1,27,1,15.91,30.16,25.0,40.66
cc580758-f3c8-45eb-bbfc-d79c82cf3066,25.45,Ocasional,1,7000.0,1,1,76,1,42.27,30.16,7.69,7.94
57c9139d-a25e-4fba-88f2-8374713d9dfa,25.43,Ocasional,1,1000.0,1,1,11,1,15.91,30.16,7.69,69.3
18f604f2-eba4-4bfa-a6af-5aefca973133,25.43,Ocasional,1,1000.0,1,1,11,1,15.91,30.16,7.69,69.3
103a9c15-030c-4a1e-a4f2-dd786fab289c,25.42,Ocasional,1,700.0,1,1,8,1,12.77,30.16,7.69,76.59
ab09abe3-572d-4cc2-b841-5f738a061732,25.38,Ocasional,1,1200.0,1,1,13,1,17.69,30.16,7.69,64.83
54fb137d-66d8-420a-89da-441576694482,25.34,Ocasional,1,1700.0,1,1,32,1,21.83,30.16,20.0,34.42
c53ae652-443d-4339-a24a-06906afc9d4e,25.34,Ocasional,1,3000.0,1,1,37,1,29.44,30.16,12.5,29.13
e4ca50d4-8f6f-448d-953d-2a16e630459e,25.26,Ocasional,2,4100.0,1,1,44,1,33.61,30.16,10.0,23.07
a3c06aa8-c3c3-4581-89cb-1b5bfc04a9f3,25.23,Ocasional,1,500.0,1,1,20,1,10.69,30.16,25.0,51.34
ab41aae6-0a96-4c12-bfad-c738b292e84b,25.18,Ocasional,1,50.0,1,1,11,1,2.84,30.16,25.0,69.3
fb08054f-7c1f-46d8-bd02-3ce88351a827,25.18,Ocasional,1,50.0,1,1,11,1,2.84,30.16,25.0,69.3
7e076300-485b-460f-a99c-3033d12e2916,25.18,Ocasional,1,1850.0,1,1,20,1,22.89,30.16,7.69,51.34
11f37c4b-1025-4d00-8266-8ece89d10576,25.17,Ocasional,1,1700.0,1,1,33,1,21.83,30.16,20.0,33.29
79dfe0f3-bf1d-405c-ae9c-029659b1d0e4,25.09,Ocasional,1,5000.0,1,1,62,1,36.78,30.16,11.11,12.66
22f81930-f03c-4a1e-8236-2b88e38388bb,25.02,Ocasional,1,1500.0,1,1,17,1,20.14,30.16,7.69,56.74
3254af74-02d0-47ff-96ef-799d0cc58126,24.98,Ocasional,1,6700.0,1,1,80,1,41.36,30.16,7.69,6.95
66ab1639-4efe-4aa6-94df-217247e2d9d9,24.97,Ocasional,1,1300.0,1,1,15,1,18.3,30.16,7.69,60.65
28cbf0ba-28b8-471f-a2e8-84f163fe9b33,24.91,Ocasional,1,6950.0,1,1,90,1,42.0,30.16,7.69,4.98
fd1a70d9-4247-432a-aa58-3945b50f9cd5,24.9,Ocasional,1,5400.0,1,1,63,1,38.41,30.16,8.33,12.25
5d86b566-484c-4e61-9227-0c5ad33ccab1,24.89,Ocasional,1,1400.0,1,1,16,1,18.93,30.16,7.69,58.66
b66b0e8d-4036-46e7-8561-24a2ec1af8ed,24.85,Ocasional,1,1700.0,1,1,35,1,21.83,30.16,20.0,31.14
651ca99d-d072-4f7d-be7b-2a4d0cfbcdb9,24.85,Ocasional,1,100.0,1,1,16,1,6.46,30.16,25.0,58.66
e9ac896c-30e5-426d-951c-23bcfbf24c63,24.84,Ocasional,1,200.0,1,1,18,1,8.06,30.16,25.0,54.88
dd6aef2d-ffc6-4b40-83c6-93d4670bea41,24.84,Ocasional,1,50.0,1,1,12,1,2.84,30.16,25.0,67.03
80c39537-441b-458d-a9dc-4b4b7a7a9ba8,24.81,Ocasional,1,1700.0,1,1,20,1,21.83,30.16,7.69,51.34
89b9fe4f-1138-451d-97df-19fd192c325c,24.78,Ocasional,1,700.0,1,1,25,1,12.77,30.16,25.0,43.46
a90117ea-2b83-4504-a692-7bb1064aed9c,24.75,Ocasional,1,1200.0,1,1,15,1,17.69,30.16,7.69,60.65
24e3b0b8-4fed-4901-bbe8-608ab86eb0ab,24.75,Ocasional,1,950.0,1,1,12,1,14.95,30.16,7.69,67.03
ef068e0d-9332-4dc0-8f75-4bfa654534d2,24.61,Ocasional,1,6100.0,1,1,76,1,39.89,30.16,7.69,7.94
e28f2c6c-10cc-46a8-9b47-3a3258bc130b,24.58,Ocasional,1,2000.0,1,1,24,1,23.94,30.16,7.69,44.93
633cb11a-5e9f-40b9-ba63-f0486dadf3b7,24.57,Ocasional,1,200.0,1,1,19,1,8.06,30.16,25.0,53.08
8e2be5a5-4a66-4efb-aa3a-f8799e48efc8,24.57,Ocasional,1,700.0,1,1,26,1,12.77,30.16,25.0,42.04
e25127a0-289f-4f88-870c-78c29626af27,24.51,Ocasional,1,5000.0,1,1,58,1,36.78,30.16,7.69,14.47
28fc4987-00ab-4312-a0d0-f00afa361e1c,24.49,Ocasional,1,4900.0,1,1,55,1,36.08,30.16,7.69,15.99
975ed41e-d891-4c23-aeba-06363019d8e3,24.45,Ocasional,1,900.0,1,1,18,1,14.58,30.16,14.29,54.88
f62ffc91-230b-46c7-9164-436e4e6bffe9,24.39,Ocasional,1,400.0,1,1,8,1,9.81,30.16,7.69,76.59
99565705-eb31-4f2a-80f5-f38c326909ff,24.31,Ocasional,1,650.0,1,1,26,1,12.05,30.16,25.0,42.04
5a606e9d-6dad-4eaf-b5f2-b3e2ce5101e9,24.3,Ocasional,1,5550.0,1,1,74,1,38.74,30.16,7.69,8.49
c2c192b4-1f24-4e97-bc51-f971d72eae32,24.29,Ocasional,1,5200.0,1,1,67,1,37.77,30.16,7.69,10.72
4a44d61f-6092-4cde-870f-0d3ab03bd27e,24.28,Ocasional,1,1300.0,1,1,31,1,18.3,30.16,20.0,35.58
4efb2f26-5581-4ce7-8aad-a24d5d8a4ec6,24.24,Ocasional,1,6050.0,1,1,85,1,39.7,30.16,7.69,5.88
1f892196-2767-46fd-917d-f809ae9b6f47,24.24,Ocasional,1,2050.0,1,1,27,1,24.79,30.16,7.69,40.66
1aaed35b-63e8-4c67-ae9d-696cfb119ff1,24.22,Ocasional,1,6100.0,1,1,88,1,39.89,30.16,7.69,5.32
280b20c0-8e03-4dea-999d-cb87b7a50fd2,24.18,Ocasional,1,1750.0,1,1,35,1,22.28,30.16,16.67,31.14
3491e6bf-8ca3-46fb-a491-81509f6a37a7,24.14,Ocasional,1,2400.0,1,1,30,1,26.18,30.16,7.69,36.79
52ee8278-f34a-4726-9451-8695eb16d494,24.14,Ocasional,1,3000.0,1,1,37,1,29.44,30.16,7.69,29.13
109c1420-b16b-4ff8-9e74-5137d9214259,24.08,Ocasional,1,5700.0,1,1,82,1,38.98,30.16,7.69,6.5
8166c6e2-6c2b-46a3-95af-db7a323bce3d,24.06,Ocasional,1,6000.0,1,1,89,1,39.49,30.16,7.69,5.15
a3c01009-7392-4460-b35f-e937cb37eb4b,24.05,Ocasional,1,500.0,1,1,25,1,10.69,30.16,25.0,43.46
fc984d17-2d2b-4d5a-a9c4-fd758696c2fb,24.01,Ocasional,1,100.0,1,1,19,1,6.46,30.16,25.0,53.08
03619c73-76eb-47e8-afa6-50ec445d3422,23.96,Ocasional,1,500.0,1,1,17,1,10.69,30.16,16.67,56.74
0cf1b232-2c52-4e63-b487-eb9840c8cea9,23.96,Ocasional,1,5000.0,1,1,74,1,36.78,30.16,9.09,8.49
6c74097a-220f-4d09-9393-bc1e9b33b56e,23.95,Ocasional,1,5500.0,1,1,82,1,38.62,30.16,7.69,6.5
1d0995d8-8df9-4be7-b9c1-c300d2e5c631,23.93,Ocasional,1,4600.0,1,1,58,1,35.14,30.16,7.69,14.47
2956f8bd-ab34-4c6e-bea6-888025e60c71,23.88,Ocasional,1,50.0,1,1,15,1,2.84,30.16,25.0,60.65
91d9ad5b-e683-4a1a-a7ec-d1d75d6d88e9,23.82,Ocasional,1,200.0,1,1,22,1,8.06,30.16,25.0,48.03
820464e8-d0bb-4ee3-a4fb-8d4efb5c4000,23.82,Ocasional,1,200.0,1,1,22,1,8.06,30.16,25.0,48.03
98a394a9-f88b-4ff3-9881-ae250f246684,23.73,Ocasional,1,2850.0,1,1,38,1,28.68,30.16,7.69,28.18
ce666023-5943-48e4-9b88-1eba239fac6a,23.72,Ocasional,1,1500.0,1,1,22,1,20.14,30.16,7.69,48.03
da33ef74-cfb7-4887-a988-00be43c8791b,23.71,Ocasional,1,2450.0,1,1,33,1,26.45,30.16,7.69,33.29
2cd06359-5800-49dd-808e-43ec8ca5eda7,23.69,Ocasional,1,1650.0,1,1,24,1,21.38,30.16,7.69,44.93
fbd3382b-71a8-4b20-9410-4156dcf29e6f,23.62,Ocasional,1,4600.0,1,1,69,1,35.14,30.16,9.09,10.03
24a2e198-15fd-483c-86ff-ac328e3ba047,23.6,Ocasional,1,3300.0,1,1,46,1,31.13,30.16,7.69,21.58
96c03e49-1660-4981-877b-998f9b99b546,23.58,Ocasional,1,2000.0,1,1,32,1,23.94,30.16,10.0,34.42
771fbada-1cb9-4632-bfdf-b5a363343712,23.54,Ocasional,1,1400.0,1,1,21,1,18.93,30.16,7.69,49.66
08c02514-bbe9-4ac3-bbc5-4b919d033840,23.53,Ocasional,1,400.0,1,1,26,1,9.81,30.16,25.0,42.04
76dbd1a7-0757-4c2d-910e-3c4133cfb5f3,23.5,Ocasional,1,3050.0,1,1,55,1,29.83,30.16,12.5,15.99
52efb205-3728-4765-94f4-f0a32f00e6b6,23.48,Ocasional,1,2700.0,1,1,38,1,27.96,30.16,7.69,28.18
1cd642ce-9670-48a1-a918-9b39578f0d41,23.47,Ocasional,1,4500.0,1,1,62,1,34.6,30.16,7.69,12.66
506763b9-f4c4-4b72-9488-0465c5109c94,23.46,Ocasional,3,2850.0,1,1,40,1,28.68,30.16,7.69,26.36
fe1e600f-91f2-4d75-8f66-c9d56a2dc9ae,23.46,Ocasional,1,3000.0,1,1,50,1,29.44,30.16,11.11,18.89
f82ab54c-737d-4338-b084-3f3532368430,23.36,Ocasional,2,1750.0,1,1,27,1,22.28,30.16,7.69,40.66
55422189-2110-4a63-9ad7-0d2e57c85b21,23.34,Ocasional,1,5000.0,1,1,81,1,36.78,30.16,7.69,6.72
fddd4f12-58f1-4cd0-b4e4-3ac97cede80c,23.33,Ocasional,1,4500.0,1,1,71,1,34.6,30.16,9.09,9.38
a78d1026-e8b7-4cbb-8e0b-97a745394ff7,23.32,Ocasional,1,4600.0,1,1,68,1,35.14,30.16,7.69,10.37
d37bc9d5-5b2d-42e7-a2cd-3dd07349f5a2,23.31,Ocasional,1,3250.0,1,1,58,1,30.92,30.16,11.11,14.47
dba32d5d-9621-474c-a986-625ded63d62d,23.28,Ocasional,1,700.0,1,1,20,1,12.77,30.16,14.29,51.34
cc4d60b6-034d-4a4d-8554-44fbf32197fe,23.2,Ocasional,1,2600.0,1,1,39,1,27.57,30.16,7.69,27.25
e9103477-8c0d-4e16-9909-88125f63da59,23.15,Ocasional,1,3800.0,1,1,56,1,32.49,30.16,7.69,15.46
e804bfe1-8410-460f-9e31-50848749e6aa,23.12,Ocasional,1,2500.0,1,1,38,1,26.93,30.16,7.69,28.18
65876d1d-abb2-4363-a1db-e3d95c2f79f5,23.03,Ocasional,1,700.0,1,1,21,1,12.77,30.16,14.29,49.66
3d977332-a34a-4402-822d-170c3db96a1d,23.03,Ocasional,1,4850.0,1,1,81,1,35.87,30.16,7.69,6.72
a99f176e-3137-4c4b-93c0-7f488a94ab1b,23.02,Ocasional,1,4750.0,1,1,78,1,35.54,30.16,7.69,7.43
c0471593-3a76-4b51-80ec-32d9fadaf3d1,22.97,Ocasional,1,600.0,1,1,14,1,11.71,30.16,7.69,62.71
247a3bea-8e2a-4467-9f32-fbaf354841e5,22.93,Ocasional,1,500.0,1,1,13,1,10.69,30.16,7.69,64.83
38dc0c7a-8ec3-4afd-8cea-9f7e4bc712ab,22.92,Ocasional,1,200.0,1,1,26,1,8.06,30.16,25.0,42.04
920022ec-db8a-4034-8660-a06042e9922d,22.84,Ocasional,2,4850.0,1,1,87,1,35.87,30.16,7.69,5.5
e75fb536-8523-4f4a-92b8-a79f6e7fdca5,22.75,Ocasional,1,50.0,1,1,19,1,2.84,30.16,25.0,53.08
2fad5cd9-081e-4bae-b37c-99d7cdd78102,22.75,Ocasional,1,50.0,1,1,19,1,2.84,30.16,25.0,53.08
d32a5193-cfb5-443f-9e04-7e751b8b3351,22.68,Ocasional,1,2450.0,1,1,40,1,26.45,30.16,7.69,26.36
a7dea61e-98ef-4f97-9a3e-d1612b0fafa5,22.64,Ocasional,1,4700.0,1,1,89,1,35.45,30.16,7.69,5.15
8d6ec0f2-9b2e-4341-93bb-1cce4015dc8b,22.62,Ocasional,1,4600.0,1,1,86,1,35.14,30.16,7.69,5.69
3fd8344f-2c3a-4f1b-931f-a9b9c789d0d4,22.61,Ocasional,1,2350.0,1,1,39,1,25.88,30.16,7.69,27.25
8b609a27-fb1d-4f12-8fdc-3e5142596fd0,22.53,Ocasional,1,2800.0,1,1,49,1,28.5,30.16,8.33,19.53
9e6b48e5-71d4-4ef9-9a28-59a8b431200b,22.49,Ocasional,1,50.0,1,1,20,1,2.84,30.16,25.0,51.34
d231368f-302c-4e5e-bebb-8c4268b129ac,22.49,Ocasional,1,50.0,1,1,20,1,2.84,30.16,25.0,51.34
ee0865df-b7af-4b40-ada4-ba0bd8ef0973,22.44,Ocasional,1,1700.0,1,1,31,1,21.83,30.16,7.69,35.58
7758b8e2-9b24-4ece-a583-d4e87e232f2c,22.4,Ocasional,2,1200.0,1,1,24,1,17.69,30.16,7.69,44.93
75a6f192-dcdb-4a29-83b1-a784daf23604,22.36,Ocasional,1,100.0,1,1,26,1,6.46,30.16,25.0,42.04
493f423a-7f4f-4bfe-b017-89f211426a6d,22.3,Ocasional,1,1850.0,1,1,34,1,22.89,30.16,7.69,32.2
eb64fa17-03f8-48f6-8917-0b01bbfb5e16,22.3,Ocasional,1,500.0,1,1,15,1,10.69,30.16,7.69,60.65
e3b4c19c-e036-4d4f-8f3d-724720316c11,22.3,Ocasional,1,2500.0,1,1,50,1,26.93,30.16,10.0,18.89
6bcc6f34-190a-442b-956e-8a79b8c471e3,22.28,Ocasional,1,3450.0,1,1,71,1,31.61,30.16,9.09,9.38
3cb52fed-e6b4-4762-8ea5-27d3aa0d498f,22.21,Ocasional,1,3500.0,1,1,74,1,31.79,30.16,9.09,8.49
aa19dede-6df1-4008-bd18-61a4b25e5869,22.18,Ocasional,1,3000.0,1,1,63,1,29.44,30.16,10.0,12.25
7a8a5fc8-9a1e-46a6-b0e7-dafcb059afcf,22.18,Ocasional,1,2800.0,1,1,51,1,28.5,30.16,7.69,18.27
37aaa63a-4443-4ac7-a210-b3413c3b6742,22.17,Ocasional,1,1300.0,1,1,26,1,18.3,30.16,7.69,42.04
8956ff3e-88ac-4d29-ba8b-c9d0b5be1e1e,22.17,Ocasional,1,700.0,1,1,18,1,12.77,30.16,7.69,54.88
b8dc2c7f-abd3-4ec5-bbb9-9b9b689a6f40,22.17,Ocasional,1,3000.0,1,1,55,1,29.44,30.16,7.69,15.99
c78c1f0d-31f1-4bf0-8b96-a86f4151be47,22.15,Ocasional,1,100.0,1,1,27,1,6.46,30.16,25.0,40.66
c507db1c-917a-4f4f-add9-801fd12d058e,22.1,Ocasional,1,4200.0,1,1,87,1,33.76,30.16,7.69,5.5
cb00c893-aa98-40b2-b80c-ad8e861be0b3,22.08,Ocasional,1,3300.0,1,1,65,1,31.13,30.16,7.69,11.46
dfbd8206-194a-4b85-b352-35578ccddc5e,22.05,Ocasional,1,3400.0,1,1,75,1,31.43,30.16,9.09,8.21
3ecbdfa6-482e-4c70-b3cd-7796f5632c4e,22.02,Ocasional,1,3300.0,1,1,73,1,31.13,30.16,9.09,8.77
fffd063d-3fb4-4356-983d-24d1305996a9,22.02,Ocasional,1,3300.0,1,1,66,1,31.13,30.16,7.69,11.08
23703b16-98c0-4192-bbc4-f3eb67310d6f,21.99,Ocasional,1,50.0,1,1,22,1,2.84,30.16,25.0,48.03
06e0432a-5284-484d-82e5-0e82cdaa1198,21.94,Ocasional,1,3600.0,1,1,74,1,32.0,30.16,7.69,8.49
3429076b-7d90-4b3b-8968-1ee1db884fa2,21.9,Ocasional,3,3000.0,1,1,68,1,29.44,30.16,10.0,10.37
d82e212b-c936-4c9b-87cf-36253353c497,21.89,Ocasional,1,2000.0,1,1,42,1,23.94,30.16,9.09,24.66
d253c18b-4a86-4c6a-b740-c32ab6edd592,21.88,Ocasional,1,2000.0,1,1,50,1,23.94,30.16,12.5,18.89
61931e49-6f18-443d-9e4d-76eb30575ead,21.84,Ocasional,1,2900.0,1,1,57,1,28.96,30.16,7.69,14.96
c1638d57-0210-4a49-af00-35c9f7d5d6af,21.8,Ocasional,1,2400.0,1,1,56,1,26.18,30.16,11.11,15.46
0d132dda-fcdd-461b-ad7f-201eaca6ff53,21.77,Ocasional,1,1000.0,1,1,24,1,15.91,30.16,7.69,44.93
1f331708-e30a-42aa-86b2-0683b04f9b37,21.77,Ocasional,1,900.0,1,1,22,1,14.58,30.16,7.69,48.03
c7f3cc9a-6f9b-4683-aa1a-f384ce917955,21.75,Ocasional,2,650.0,1,1,33,1,12.05,30.16,20.0,33.29
99e726f8-45e1-4ec4-9207-59338da3cb1a,21.74,Ocasional,1,1500.0,1,1,43,1,20.14,30.16,14.29,23.85
69c4cd1b-41ac-4982-a6ed-752d9d49aead,21.73,Ocasional,1,800.0,1,1,21,1,13.77,30.16,7.69,49.66
eda21a81-0a77-46bb-be67-be898587ad86,21.67,Ocasional,1,1500.0,1,1,32,1,20.14,30.16,7.69,34.42
c31a679e-0435-4526-89bf-e8325e35dd21,21.62,Ocasional,1,500.0,1,1,31,1,10.69,30.16,20.0,35.58
fbacd7ec-9152-46c8-bb79-027e9d5eb4cf,21.62,Ocasional,1,2350.0,1,1,57,1,25.88,30.16,11.11,14.96
765c2806-75f4-44b1-9b6b-05f6df7f1c53,21.56,Ocasional,1,3700.0,1,1,88,1,32.28,30.16,7.69,5.32
5a39cee0-d879-4095-b812-a49943fbb8d9,21.48,Ocasional,1,1050.0,1,1,27,1,16.91,30.16,7.69,40.66
054f8c20-9566-4556-9875-013f92b6db93,21.47,Ocasional,1,1350.0,1,1,30,1,18.54,30.16,7.69,36.79
cf0e8748-5957-472c-b767-ae0ad5674710,21.45,Ocasional,1,200.0,1,1,19,1,8.06,30.16,12.5,53.08
b846cb83-5478-48e9-8466-539b5c201dd7,21.43,Ocasional,1,1400.0,1,1,31,1,18.93,30.16,7.69,35.58
119f5932-7ecb-4a9b-98ae-ccdefc40f879,21.38,Ocasional,1,3100.0,1,1,76,1,30.19,30.16,8.33,7.94
5db793af-8e59-4c9f-a28f-d9f41a457bf9,21.36,Ocasional,1,1000.0,1,1,39,1,15.91,30.16,16.67,27.25
2c6b4089-28e5-4779-8ebf-2769f5c8b30c,21.36,Ocasional,1,1200.0,1,1,29,1,17.69,30.16,7.69,38.03
cf973b42-8309-4224-8cfb-d5224d0cb10d,21.34,Ocasional,1,700.0,1,1,32,1,12.77,30.16,16.67,34.42
5140f18a-6e0b-455e-a882-4ffac638c47b,21.3,Ocasional,1,50.0,1,1,25,1,2.84,30.16,25.0,43.46
68dd2268-0886-4c9e-b487-adb048e6ccc1,21.3,Ocasional,1,50.0,1,1,25,1,2.84,30.16,25.0,43.46
b8cc6a10-44b0-407e-b0e6-bb3addc4ed1f,21.3,Ocasional,1,50.0,1,1,25,1,2.84,30.16,25.0,43.46
27384843-a114-4036-9190-ad8e92ddaf25,21.3,Ocasional,1,50.0,1,1,25,1,2.84,30.16,25.0,43.46
34dd0edf-e877-4a5e-803e-2e69ac06d22e,21.3,Ocasional,1,50.0,1,1,25,1,2.84,30.16,25.0,43.46
5bc2c934-e549-442c-91cb-e54e625d1819,21.23,Ocasional,1,1000.0,1,1,40,1,15.91,30.16,16.67,26.36
03fdedc9-a93f-44a4-b5a0-66932b52b33b,21.21,Ocasional,1,350.0,1,1,31,1,9.51,30.16,20.0,35.58
e89c2c24-ebbc-4d27-bb8a-92251b419c85,21.12,Ocasional,1,1650.0,1,1,41,1,21.38,30.16,9.09,25.5
9fb8f8d7-8680-4c80-b17a-9d87b10ea269,21.09,Ocasional,1,50.0,1,1,26,1,2.84,30.16,25.0,42.04
4f421fad-4c7f-49c7-a626-9f20bb9b2f83,21.09,Ocasional,1,50.0,1,1,26,1,2.84,30.16,25.0,42.04
1632d923-daf5-4aab-be7a-39ae648fea0d,21.09,Ocasional,1,50.0,1,1,26,1,2.84,30.16,25.0,42.04
2ca4545e-cfa1-4e6c-b029-ac81addb9d7c,21.09,Ocasional,1,50.0,1,1,26,1,2.84,30.16,25.0,42.04
5822f50c-1ff9-4623-bb26-79e73fa7088c,21.09,Ocasional,1,50.0,1,1,26,1,2.84,30.16,25.0,42.04
6f55b268-dc47-4696-855f-53f22ed14603,21.09,Ocasional,1,50.0,1,1,26,1,2.84,30.16,25.0,42.04
4c9cc979-8915-4150-8039-832fc8ad179b,21.09,Ocasional,1,50.0,1,1,26,1,2.84,30.16,25.0,42.04
5f9c9edb-3611-42b5-821b-aefa71f1263f,21.09,Ocasional,1,50.0,1,1,26,1,2.84,30.16,25.0,42.04
5a6a78f8-88a1-42b9-8c01-afefc09e32b6,21.09,Ocasional,1,900.0,1,1,25,1,14.58,30.16,7.69,43.46
2d8192b1-db9f-401e-a6d3-92b5b8d143a4,21.07,Ocasional,1,200.0,1,1,29,1,8.06,30.16,20.0,38.03
5e0d902d-2cd8-45ae-aade-a85bdd5c8112,21.04,Ocasional,2,3000.0,1,1,74,1,29.44,30.16,7.69,8.49
9167347d-b040-4015-9f30-c384ddc17060,20.99,Ocasional,1,1200.0,1,1,31,1,17.69,30.16,7.69,35.58
02d31510-38f0-4900-9c76-bee19f088226,20.97,Ocasional,1,3200.0,1,1,89,1,30.68,30.16,7.69,5.15
e6f8b745-aed2-4954-b4a5-70c871ae3475,20.9,Ocasional,1,700.0,1,1,23,1,12.77,30.16,7.69,46.46
e88cbad8-3d80-4bbe-8165-55bd298f53ab,20.9,Ocasional,1,2500.0,1,1,66,1,26.93,30.16,9.09,11.08
6a600dff-1d0e-4d61-864a-11c62b571117,20.89,Ocasional,1,100.0,1,1,19,1,6.46,30.16,12.5,53.08
a8113cac-d900-4ed9-8798-85497ebae725,20.87,Ocasional,1,200.0,1,1,18,1,8.06,30.16,9.09,54.88
44065145-26e3-4b78-bb86-d3e3df17bb25,20.85,Ocasional,1,1500.0,1,1,47,1,20.14,30.16,12.5,20.87
39102305-603a-4498-be59-fbe5169d6fdb,20.81,Ocasional,1,2400.0,1,1,67,1,26.18,30.16,10.0,10.72
574abc72-ef39-4fd0-b162-7aad05032069,20.79,Ocasional,1,2900.0,1,1,76,1,28.96,30.16,7.69,7.94
f4dd4245-1007-4fdf-acc5-b1c7df550980,20.7,Ocasional,1,200.0,1,1,31,1,8.06,30.16,20.0,35.58
4abf8daf-b4d4-40a1-891b-20df4ccae7b4,20.66,Ocasional,1,2700.0,1,1,71,1,27.96,30.16,7.69,9.38
838c5806-7169-40cb-9055-017e15eba560,20.65,Ocasional,1,500.0,1,1,21,1,10.69,30.16,7.69,49.66
0db36cea-6c2c-4ebe-b02c-e18d6ff2de0f,20.62,Ocasional,1,3000.0,1,1,86,1,29.44,30.16,7.69,5.69
1a368399-c276-4847-b8a4-665a955691d3,20.55,Ocasional,1,2350.0,1,1,70,1,25.88,30.16,10.0,9.7
68eb3c6d-0416-4b96-ad6d-b8ff14fc6423,20.55,Ocasional,1,1000.0,1,1,30,1,15.91,30.16,7.69,36.79
b06fa842-215d-44b9-b667-b1ad7ddc18d2,20.48,Ocasional,1,800.0,1,1,40,1,13.77,30.16,16.67,26.36
ad91e9ba-69ab-422d-b30b-1ad174157ab6,20.47,Ocasional,1,2300.0,1,1,70,1,25.63,30.16,10.0,9.7
d545a050-7625-4491-8ae1-7d9062555f6a,20.31,Ocasional,1,850.0,1,1,28,1,14.13,30.16,7.69,39.32
149fb41f-3627-469f-8224-897f0dd62a16,20.29,Ocasional,1,2400.0,1,1,73,1,26.18,30.16,9.09,8.77
31386993-1b88-44b1-ae4f-7b5477a6c6a4,20.25,Ocasional,1,1100.0,1,1,40,1,17.09,30.16,11.11,26.36
42bc8512-200d-4dc2-b3d3-2e66b8919eb0,20.23,Ocasional,1,2600.0,1,1,78,1,27.57,30.16,7.69,7.43
236a4916-a201-4fe1-a5e0-7c899c6e2708,20.2,Ocasional,1,2000.0,1,1,64,1,23.94,30.16,10.0,11.84
fca33770-c04a-472b-99b6-925a9a0b2a8e,20.18,Ocasional,1,1650.0,1,1,46,1,21.38,30.16,7.69,21.58
356c73a9-633a-4c35-9b2c-6cbe4e69f23c,20.16,Ocasional,2,2750.0,1,1,88,1,28.29,30.16,7.69,5.32
55543e9e-e286-4c26-b2a1-1b9df2eda581,20.16,Ocasional,1,2750.0,1,1,88,1,28.29,30.16,7.69,5.32
a13ae41b-3254-4eba-a93d-8db1299c5587,20.16,Ocasional,2,2500.0,1,1,74,1,26.93,30.16,7.69,8.49
bc0b1728-f566-491c-9687-ce21d5e0248b,20.14,Ocasional,1,100.0,1,1,31,1,6.46,30.16,20.0,35.58
447b9c11-94ab-4b6c-ba44-5484c4b4eacc,20.14,Ocasional,1,2000.0,1,1,65,1,23.94,30.16,10.0,11.46
d9e92521-2771-4487-9b89-d543c2256331,20.13,Ocasional,1,2700.0,1,1,85,1,27.96,30.16,7.69,5.88
b91543f6-5e28-471c-8e6c-358219676af0,20.12,Ocasional,3,1800.0,1,1,62,1,22.58,30.16,11.11,12.66
7504c5f1-55b3-441c-bcf8-0386f146f67c,20.12,Ocasional,1,2500.0,1,1,75,1,26.93,30.16,7.69,8.21
3a554257-1d2a-446a-a5e3-6d980afe900a,20.11,Ocasional,1,1500.0,1,1,55,1,20.14,30.16,12.5,15.99
fae76594-5347-47f5-89cd-ff447e6b514c,20.08,Ocasional,1,2000.0,1,1,66,1,23.94,30.16,10.0,11.08
dc25cd7e-d295-4f6c-89f6-9ac7b05a4d7f,20.08,Ocasional,1,2350.0,1,1,68,1,25.88,30.16,7.69,10.37
959e0ae0-0a5d-4e09-bd2a-8e4004a298eb,20.05,Ocasional,1,1000.0,1,1,35,1,15.91,30.16,9.09,31.14
744d11a2-0a44-4bd3-b226-be11de3e529d,19.99,Ocasional,1,2200.0,1,1,73,1,25.3,30.16,9.09,8.77
a6b35162-446c-46c3-8281-1a03681577d2,19.98,Ocasional,1,2000.0,1,1,68,1,23.94,30.16,10.0,10.37
98fe9c6c-0851-446b-9987-f52041a30da3,19.97,Ocasional,1,2000.0,1,1,64,1,23.94,30.16,9.09,11.84
c535f6b3-5c68-4bfb-832e-d90a5bfa9e7e,19.9,Ocasional,1,1600.0,1,1,48,1,21.17,30.16,7.69,20.19
3ef3dcf8-0bc1-46a9-a3ec-5b2938a2cd26,19.9,Ocasional,1,2400.0,1,1,74,1,26.18,30.16,7.69,8.49
b35c118d-aafe-43d2-a650-5531b1534a73,19.77,Ocasional,2,2500.0,1,1,85,1,26.93,30.16,7.69,5.88
f386c611-a3db-4ed3-9c7e-9e30fa8b3764,19.77,Ocasional,1,1800.0,1,1,55,1,22.58,30.16,7.69,15.99
333a2f65-00aa-4585-bae5-369dfc915c40,19.64,Ocasional,2,700.0,1,1,29,1,12.77,30.16,7.69,38.03
dd19a85c-c4f0-4f24-b759-0db0aae24106,19.47,Ocasional,1,150.0,1,1,21,1,7.31,30.16,7.69,49.66
50083c0c-afa2-4f00-a906-14b147d618f6,19.45,Ocasional,1,700.0,1,1,30,1,12.77,30.16,7.69,36.79
6f2286ac-92fd-4016-9c5e-c2d2323845ee,19.4,Ocasional,1,1000.0,1,1,37,1,15.91,30.16,7.69,29.13
dbdc5c06-7e1f-4217-acbd-9d8448685546,19.4,Ocasional,1,1000.0,1,1,37,1,15.91,30.16,7.69,29.13
bffe54fd-6404-457d-8e36-c8799724309a,19.35,Ocasional,1,2000.0,1,1,77,1,23.94,30.16,9.09,7.68
556ee9db-78ab-41af-8cb6-94f7f9e24e5c,19.33,Ocasional,1,2050.0,1,1,76,1,24.79,30.16,7.69,7.94
52114374-7e89-4591-89be-41ec64f2ad94,19.33,Ocasional,1,1400.0,1,1,46,1,18.93,30.16,7.69,21.58
72cfadd8-0de4-4aa3-b69d-deec5dd034da,19.33,Ocasional,1,1450.0,1,1,57,1,19.32,30.16,11.11,14.96
0b5c7134-df1e-49f2-b885-3fb9dd97e94e,19.27,Ocasional,1,1500.0,1,1,62,1,20.14,30.16,11.11,12.66
bb90fab0-425c-4d8f-a5a9-8d50311da5f8,19.2,Ocasional,1,400.0,1,1,26,1,9.81,30.16,7.69,42.04
6debf6ea-fde4-4707-81c6-26b538263750,19.13,Ocasional,1,1700.0,1,1,60,1,21.83,30.16,7.69,13.53
4d1c5f57-64bf-414d-8674-e564bf1e175f,19.12,Ocasional,1,2000.0,1,1,74,1,23.94,30.16,7.69,8.49
a4609ed4-71a1-40bf-a901-773c56484dbb,19.09,Ocasional,1,2100.0,1,1,85,1,24.97,30.16,7.69,5.88
a09b67fc-8c93-422c-9604-97bf651f6a7f,19.01,Ocasional,1,1850.0,1,1,76,1,22.89,30.16,9.09,7.94
c0bbff8e-e25f-45b2-bdf7-f61eceba373d,18.99,Ocasional,1,1800.0,1,1,74,1,22.58,30.16,9.09,8.49
c16e3edc-0db2-4bcd-b059-a88cecabcf79,18.98,Ocasional,1,2100.0,1,1,89,1,24.97,30.16,7.69,5.15
2de80ad7-f5b2-470e-9305-c066af6b1584,18.7,Ocasional,1,50.0,1,1,32,1,2.84,30.16,20.0,34.42
cf75e63b-55be-4419-8c4a-27406b933b2f,18.7,Ocasional,1,50.0,1,1,32,1,2.84,30.16,20.0,34.42
29e870ab-0b20-4263-af9c-b6b332504f81,18.7,Ocasional,1,50.0,1,1,32,1,2.84,30.16,20.0,34.42
600d1f84-1b80-47ca-8908-59dde1e6fe11,18.7,Ocasional,1,50.0,1,1,32,1,2.84,30.16,20.0,34.42
9b3e4eb6-fa20-4d58-9624-f3e1a7c07b13,18.7,Ocasional,1,50.0,1,1,32,1,2.84,30.16,20.0,34.42
b2849555-8295-48de-84d5-6f1a2a4c3751,18.7,Ocasional,1,50.0,1,1,32,1,2.84,30.16,20.0,34.42
f8f7232c-be99-406d-b67f-c7faa0d9792a,18.7,Ocasional,1,50.0,1,1,32,1,2.84,30.16,20.0,34.42
2071903d-d7fe-41fc-8e4d-8372ddfca688,18.7,Ocasional,1,50.0,1,1,32,1,2.84,30.16,20.0,34.42
0207df21-2cfc-4087-bd42-85dc0c33a551,18.7,Ocasional,1,50.0,1,1,32,1,2.84,30.16,20.0,34.42
7c2c1013-c3f4-4f26-842b-76fdc11db5da,18.64,Ocasional,1,2000.0,1,1,88,1,23.94,30.16,7.69,5.32
704a1dd9-d385-4c96-83a5-e11cc76b13a5,18.61,Ocasional,1,1700.0,1,1,77,1,21.83,30.16,9.09,7.68
477e444f-9d89-47ae-8d7e-80455ce71fbe,18.57,Ocasional,1,1400.0,1,1,54,1,18.93,30.16,7.69,16.53
011d6ff3-5778-403e-bbd0-2f934826848b,18.53,Ocasional,1,50.0,1,1,33,1,2.84,30.16,20.0,33.29
71f5fb50-05e8-4cb8-b0f8-4ba6c79e8c89,18.53,Ocasional,1,50.0,1,1,33,1,2.84,30.16,20.0,33.29
f0d0d75b-24d9-45fd-ae73-54b65f2a6432,18.53,Ocasional,1,50.0,1,1,33,1,2.84,30.16,20.0,33.29
0faa29d8-1659-4d79-ac85-d15275250216,18.53,Ocasional,1,50.0,1,1,33,1,2.84,30.16,20.0,33.29
bd86c0d2-fcef-4e5f-86df-37c3580d8d5e,18.53,Ocasional,1,50.0,1,1,33,1,2.84,30.16,20.0,33.29
036754d6-b83b-4a25-92a8-4a317df34067,18.53,Ocasional,1,50.0,1,1,33,1,2.84,30.16,20.0,33.29
a8951a2a-951b-44de-a978-0d549ba74b3b,18.53,Ocasional,1,50.0,1,1,33,1,2.84,30.16,20.0,33.29
977e2650-f4b7-4d1d-9a3f-95757c546b4f,18.53,Ocasional,1,50.0,1,1,33,1,2.84,30.16,20.0,33.29
aa6d268f-d7de-4e65-a370-05b0c3162eec,18.53,Ocasional,1,50.0,1,1,33,1,2.84,30.16,20.0,33.29
0bf9dac0-f6eb-47ac-b2fe-092ae2d563a3,18.53,Ocasional,1,50.0,1,1,33,1,2.84,30.16,20.0,33.29
5cbd396b-8f83-48f6-86e5-c47dbd698fb3,18.53,Ocasional,1,50.0,1,1,33,1,2.84,30.16,20.0,33.29
52c6bb26-99a9-41b5-8b2d-cc7b35be1a71,18.53,Ocasional,1,50.0,1,1,33,1,2.84,30.16,20.0,33.29
2d2513b2-5a4a-4fe2-aa1e-094df9adf1f5,18.53,Ocasional,1,50.0,1,1,33,1,2.84,30.16,20.0,33.29
1c082126-4dbb-4834-b5c7-58604b428f82,18.53,Ocasional,1,50.0,1,1,33,1,2.84,30.16,20.0,33.29
4927d83a-4bf8-4c36-8e59-23a327cc6faa,18.53,Ocasional,1,50.0,1,1,33,1,2.84,30.16,20.0,33.29
bbd0f6e8-cec7-4628-9b12-968673194d75,18.53,Ocasional,1,50.0,1,1,33,1,2.84,30.16,20.0,33.29
337eacc8-ba29-47c5-b11d-3b2112067556,18.53,Ocasional,1,50.0,1,1,33,1,2.84,30.16,20.0,33.29
9916eb23-3f22-44af-a298-ba9c5c649253,18.47,Ocasional,1,1100.0,1,1,48,1,17.09,30.16,7.69,20.19
a7a01adb-c848-4973-b3b9-82f01eedda00,18.46,Ocasional,1,1550.0,1,1,73,1,20.95,30.16,9.09,8.77
64e7bc0d-c3d1-475c-aa0c-eef9a56c8aa5,18.42,Ocasional,1,1900.0,1,1,85,1,23.07,30.16,7.69,5.88
79e19503-768b-40e3-a94e-e44da70e75c4,18.36,Ocasional,1,50.0,1,1,34,1,2.84,30.16,20.0,32.2
338efb06-d7b1-4818-85b9-c6274da90760,18.36,Ocasional,1,850.0,1,1,40,1,14.13,30.16,7.69,26.36
0ac73c41-0ef1-47d2-ac23-a06da643e700,18.34,Ocasional,1,1050.0,1,1,59,1,16.91,30.16,11.11,13.99
912f4b36-6716-438c-8067-2543a84d8ab4,18.23,Ocasional,1,1500.0,1,1,65,1,20.14,30.16,7.69,11.46
dc410f3f-82a5-4b12-a4b2-754f5dda3aa1,18.22,Ocasional,1,1700.0,1,1,78,1,21.83,30.16,7.69,7.43
9a4c44f3-bb7b-442c-825b-b4d47199626b,18.14,Ocasional,1,1500.0,1,1,74,1,20.14,30.16,9.09,8.49
8055a8c7-fb2f-4855-850d-cd703c1bd851,18.06,Ocasional,1,400.0,1,1,32,1,9.81,30.16,7.69,34.42
ed49ef49-559b-4574-8c41-f64a16991de5,18.05,Ocasional,1,1350.0,1,1,59,1,18.54,30.16,7.69,13.99
bdb40a40-5ecb-4e8e-a450-370547eb624d,18.01,Ocasional,3,1500.0,1,1,77,1,20.14,30.16,9.09,7.68
a463b26c-5175-417b-b3b8-1e7278197abd,18.01,Ocasional,1,1200.0,1,1,64,1,17.69,30.16,10.0,11.84
2e100840-e196-48c7-9f57-c5351592f5db,17.96,Ocasional,1,1700.0,1,1,86,1,21.83,30.16,7.69,5.69
636350e0-6d4c-41e9-9265-6cb564a1d622,17.94,Ocasional,1,1450.0,1,1,72,1,19.32,30.16,9.09,9.07
4a053eaa-45b8-4cf6-a971-6b5dd140cf4e,17.92,Ocasional,1,100.0,1,1,40,1,6.46,30.16,16.67,26.36
1523eeae-8e20-4e48-bc4d-39d905d5eeb3,17.91,Ocasional,1,1400.0,1,1,66,1,18.93,30.16,8.33,11.08
012e7e2d-e4d7-4a30-b796-e7ac8a2a09bd,17.83,Ocasional,1,1250.0,1,1,70,1,18.09,30.16,10.0,9.7
e6482c97-2d13-4339-8cbc-246e820702d8,17.59,Ocasional,1,1400.0,1,1,69,1,18.93,30.16,7.69,10.03
75d3fc1f-3502-4cde-928c-2c6b0080d285,17.35,Ocasional,1,250.0,1,1,47,1,8.88,30.16,14.29,20.87
dc8201b6-3fe3-4e2b-806c-df1461070709,17.32,Ocasional,1,900.0,1,1,62,1,14.58,30.16,11.11,12.66
855e5c76-06b4-4e9d-ae10-4eae968c48ee,17.32,Ocasional,1,1200.0,1,1,69,1,17.69,30.16,8.33,10.03
7a3244cf-6590-4cb0-8580-0196933c9b9f,17.31,Ocasional,1,1500.0,1,1,88,1,20.14,30.16,7.69,5.32
94ad44ae-cd78-489a-9522-e99b3d8e90f8,16.96,Ocasional,1,700.0,1,1,48,1,12.77,30.16,7.69,20.19
5ebbeef0-2c14-4136-a364-0d598eeb1cc0,16.82,Ocasional,1,900.0,1,1,62,1,14.58,30.16,9.09,12.66
e08955fe-fe4a-448d-9aa7-011940c8ae1b,16.81,Ocasional,1,850.0,1,1,57,1,14.13,30.16,8.33,14.96
c0ea653d-b2da-4926-9b3c-c6680d043429,16.76,Ocasional,1,800.0,1,1,54,1,13.77,30.16,7.69,16.53
db6dac48-6223-4bf5-9e48-422899fe576e,16.72,Ocasional,1,100.0,1,1,45,1,6.46,30.16,14.29,22.31
4dd38e4f-41f4-45a4-9a30-990300b4db03,16.7,Ocasional,1,900.0,1,1,68,1,14.58,30.16,10.0,10.37
6b8a8e0a-f2e3-4999-acad-c4904e4876e0,16.66,Ocasional,1,1000.0,1,1,74,1,15.91,30.16,9.09,8.49
4d459dd4-d135-4c76-b8b4-f50507a8ad6f,16.61,Ocasional,1,1000.0,1,1,75,1,15.91,30.16,9.09,8.21
5a0f6092-e2d0-4ae7-b9e6-edca03db3c36,16.58,Ocasional,2,800.0,1,1,65,1,13.77,30.16,10.0,11.46
c3d37131-76e8-4c4f-8e55-2778ab8817ad,16.44,Ocasional,1,850.0,1,1,60,1,14.13,30.16,7.69,13.53
a3201db5-70d0-4e0b-b881-cb878400477b,16.41,Ocasional,1,800.0,1,1,68,1,13.77,30.16,10.0,10.37
c64fb8c7-28b8-4aa4-8baa-ce06fcf08467,16.4,Ocasional,1,600.0,1,1,50,1,11.71,30.16,7.69,18.89
58720c60-fde6-4c84-a428-6216425b2a53,16.35,Ocasional,1,1000.0,1,1,73,1,15.91,30.16,7.69,8.77
6e4c8721-abdc-45f9-800d-982b5d6f74ba,16.32,Ocasional,1,900.0,1,1,71,1,14.58,30.16,9.09,9.38
8cf97977-b491-4177-986a-f912ee90e712,16.26,Ocasional,1,1150.0,1,1,90,1,17.27,30.16,7.69,4.98
4039bbb1-381b-4f5c-a4df-86de59574d88,16.23,Ocasional,1,900.0,1,1,66,1,14.58,30.16,7.69,11.08
c72e23be-f50e-4aaf-85f5-8d8c75d02b33,16.17,Ocasional,1,850.0,1,1,71,1,14.13,30.16,9.09,9.38
b6136b37-a5cf-403a-ab8a-f91649f19285,16.16,Ocasional,1,500.0,1,1,59,1,10.69,30.16,11.11,13.99
3e8f718e-ce2a-4cc4-b698-12910e213072,16.16,Ocasional,1,500.0,1,1,59,1,10.69,30.16,11.11,13.99
1796650a-d29e-4084-889e-ae1476eac9fa,16.07,Ocasional,1,700.0,1,1,68,1,12.77,30.16,10.0,10.37
d97542ac-3cd7-4b70-9049-7f17602d55d4,16.07,Ocasional,1,700.0,1,1,68,1,12.77,30.16,10.0,10.37
abf9caf0-558f-491b-b121-e519b08c1cfd,15.91,Ocasional,1,750.0,1,1,65,1,13.5,30.16,7.69,11.46
198d85e8-2f40-4b5f-b7a8-310408de841a,15.9,Ocasional,1,750.0,1,1,72,1,13.5,30.16,9.09,9.07
ee50cd00-ccd9-4316-9643-670a5e4b7326,15.83,Ocasional,1,1000.0,1,1,88,1,15.91,30.16,7.69,5.32
a5c5c726-1324-42d7-82ab-feed77dfb893,15.81,Ocasional,1,200.0,1,1,56,1,8.06,30.16,12.5,15.46
b43a3e39-069e-4a81-a7c2-a6afce898d33,15.78,Ocasional,1,1000.0,1,1,90,1,15.91,30.16,7.69,4.98
783e89ec-3a55-46aa-82d1-5fe055a97e62,15.77,Ocasional,1,350.0,1,1,55,1,9.51,30.16,10.0,15.99
45153075-0405-4e29-ba39-e26f47b2f69e,15.7,Ocasional,1,600.0,1,1,68,1,11.71,30.16,10.0,10.37
950fd3f5-ad24-4593-96d9-a67651dbc31e,15.66,Ocasional,1,600.0,1,1,59,1,11.71,30.16,7.69,13.99
013bb74d-52fb-4b20-9207-2b3df81381da,15.62,Ocasional,1,500.0,1,1,63,1,10.69,30.16,10.0,12.25
52adfb66-9e31-4eaf-a3b1-2b1a22ceccbe,15.56,Ocasional,1,500.0,1,1,64,1,10.69,30.16,10.0,11.84
08564c56-adc7-48ab-8e12-7c38ce8f9226,15.51,Ocasional,1,700.0,1,1,75,1,12.77,30.16,9.09,8.21
5bac5171-58ee-4abd-b487-aa13672cb498,15.45,Ocasional,1,50.0,1,1,45,1,2.84,30.16,14.29,22.31
b98655b7-7d88-48f3-9511-ce6cd25d9f8c,15.44,Ocasional,2,500.0,1,1,66,1,10.69,30.16,10.0,11.08
63108c9a-6760-43d1-9d62-be39f4bb4ad2,15.38,Ocasional,1,200.0,1,1,57,1,8.06,30.16,11.11,14.96
64c2aad8-e2cd-4e5f-98ba-492bc72547f0,15.15,Ocasional,1,600.0,1,1,75,1,11.71,30.16,9.09,8.21
4abff525-c6b9-425e-a371-3f6b222d5d20,15.15,Ocasional,1,600.0,1,1,75,1,11.71,30.16,9.09,8.21
2ef2dacf-f97d-4357-8b20-bb665eda34cb,15.04,Ocasional,1,200.0,1,1,62,1,8.06,30.16,11.11,12.66
c95056f7-17a7-4091-9d3d-fda5e0a07324,15.04,Ocasional,1,200.0,1,1,62,1,8.06,30.16,11.11,12.66
bdeff002-a409-4c0a-a403-ce86271d5c96,14.98,Ocasional,1,200.0,1,1,63,1,8.06,30.16,11.11,12.25
e46c9f9c-3151-44e4-8f0e-a9dafff72934,14.98,Ocasional,1,700.0,1,1,80,1,12.77,30.16,7.69,6.95
eddca687-365a-4661-b023-31bf202dd10c,14.56,Ocasional,1,400.0,1,1,66,1,9.81,30.16,7.69,11.08
7ddb50c1-2bb5-4c79-a43c-828d935f8dae,14.48,Ocasional,1,100.0,1,1,62,1,6.46,30.16,11.11,12.66
591d3443-008c-43e1-9f85-e35320d7ec26,14.48,Ocasional,1,100.0,1,1,62,1,6.46,30.16,11.11,12.66
bcd44a26-e2dc-49e4-a194-67fc45c2906e,14.48,Ocasional,1,100.0,1,1,62,1,6.46,30.16,11.11,12.66
d69e90af-411a-4ad4-9b67-19c16546be44,14.48,Ocasional,1,100.0,1,1,62,1,6.46,30.16,11.11,12.66
c3ef36c1-7fdb-4aba-860b-c3c15e7c1184,14.48,Ocasional,1,100.0,1,1,62,1,6.46,30.16,11.11,12.66
6af7a216-1f49-4029-9dfb-f65d05b6e8df,14.12,Ocasional,1,100.0,1,1,55,1,6.46,30.16,7.69,15.99
b2be9054-fb69-4706-b96d-40deb170c615,14.12,Ocasional,1,500.0,1,1,84,1,10.69,30.16,7.69,6.08
435f12ac-7def-4777-b648-1c281cd55658,14.06,Ocasional,1,200.0,1,1,64,1,8.06,30.16,7.69,11.84
e0d42bdf-4eac-4e2d-939f-d3b2b761cda5,14.06,Ocasional,1,50.0,1,1,55,1,2.84,30.16,12.5,15.99
ba922802-4a49-436f-8b1a-c872a056b70b,14.04,Ocasional,1,200.0,1,1,71,1,8.06,30.16,9.09,9.38
23e15d04-87de-45c7-abe8-c0694e8a6fa2,14.04,Ocasional,1,200.0,1,1,71,1,8.06,30.16,9.09,9.38
27177115-1ca0-4452-9731-56d557769438,14.0,Ocasional,1,500.0,1,1,88,1,10.69,30.16,7.69,5.32
7dddfbca-be98-4767-b493-c09c8c9fe3bc,13.98,Ocasional,1,50.0,1,1,56,1,2.84,30.16,12.5,15.46
b7bd89b5-9730-4036-b784-f97b21bbb5cd,13.98,Ocasional,1,50.0,1,1,56,1,2.84,30.16,12.5,15.46
cfd4d529-ea25-4856-a365-99ed7988c8ee,13.98,Ocasional,1,50.0,1,1,56,1,2.84,30.16,12.5,15.46
cc74bb1b-5f98-4b52-a219-ff19ff1eac5f,13.98,Ocasional,1,50.0,1,1,56,1,2.84,30.16,12.5,15.46
321937cc-566a-42f8-8b74-88836b0577b1,13.98,Ocasional,1,50.0,1,1,56,1,2.84,30.16,12.5,15.46
7ffc5da7-000b-4eee-8e03-7f3030a1158a,13.98,Ocasional,1,50.0,1,1,56,1,2.84,30.16,12.5,15.46
cf9d4d3b-2b65-41d2-90d1-ffaf4694288d,13.97,Ocasional,1,100.0,1,1,57,1,6.46,30.16,7.69,14.96
b5c8095c-34aa-4978-ad8c-b4b1d574c2e9,13.95,Ocasional,1,200.0,1,1,66,1,8.06,30.16,7.69,11.08
708f5ee2-5627-4229-8c96-789dd669547f,13.91,Ocasional,1,200.0,1,1,74,1,8.06,30.16,9.09,8.49
87adc2b1-dcb6-482e-9569-ef84b0a3e34f,13.65,Ocasional,1,50.0,1,1,48,1,2.84,30.16,8.33,20.19
02726b8a-a49f-4bef-8012-75ae1db7f356,13.56,Ocasional,1,200.0,1,1,74,1,8.06,30.16,7.69,8.49
cb4048fb-900e-4203-b20b-5c8f0de79678,13.56,Ocasional,1,50.0,1,1,57,1,2.84,30.16,11.11,14.96
9cbd17ad-a3af-4c78-9149-29d21f3ecf0a,13.5,Ocasional,1,300.0,1,1,87,1,9.18,30.16,7.69,5.5
c0d10b82-d56b-4aed-a2f1-435672b8d5a5,13.41,Ocasional,1,50.0,1,1,59,1,2.84,30.16,11.11,13.99
ef131aec-7217-49a3-bacf-00c1ce10816e,13.41,Ocasional,1,50.0,1,1,59,1,2.84,30.16,11.11,13.99
e0f9ef1b-4936-479d-90e4-ec7af78a4b72,13.41,Ocasional,1,50.0,1,1,59,1,2.84,30.16,11.11,13.99
53d34fc4-b1cf-4d22-97ac-e6248a1223ea,13.41,Ocasional,1,50.0,1,1,59,1,2.84,30.16,11.11,13.99
03fb09a6-3cb2-4f42-bd85-efecf936dd8e,13.41,Ocasional,1,50.0,1,1,59,1,2.84,30.16,11.11,13.99
94a060c7-800a-47c6-a517-3b4969a657f1,13.41,Ocasional,1,50.0,1,1,59,1,2.84,30.16,11.11,13.99
406e5e00-28a9-47a2-a262-cd9a7d7a7e3c,13.41,Ocasional,1,50.0,1,1,59,1,2.84,30.16,11.11,13.99
f7361bdb-22ab-4b98-a155-785eadabc141,13.41,Ocasional,1,50.0,1,1,59,1,2.84,30.16,11.11,13.99
f72170b5-3f0c-42ab-a5c6-db3f26d2b25e,13.41,Ocasional,1,50.0,1,1,59,1,2.84,30.16,11.11,13.99
400fcb98-4f44-40ba-b26a-b434a6e333e3,13.41,Ocasional,1,50.0,1,1,59,1,2.84,30.16,11.11,13.99
df23b44c-22ca-4a24-9bcc-c0bcf5066122,13.41,Ocasional,1,50.0,1,1,59,1,2.84,30.16,11.11,13.99
1a377e7a-c949-4c81-a0b5-35ca56429093,13.35,Ocasional,1,100.0,1,1,74,1,6.46,30.16,9.09,8.49
3944041a-2bdb-418e-bba7-fa0c8c46a15c,13.35,Ocasional,1,100.0,1,1,74,1,6.46,30.16,9.09,8.49
7b5b97fa-41f3-4719-b5dc-523e052bf504,13.27,Ocasional,1,100.0,1,1,76,1,6.46,30.16,9.09,7.94
82891ded-b05b-4e38-b9fd-910b74c15a0a,13.27,Ocasional,1,100.0,1,1,76,1,6.46,30.16,9.09,7.94
9698ff79-e8fc-4907-bfb8-6edee39f7aea,13.27,Ocasional,1,100.0,1,1,76,1,6.46,30.16,9.09,7.94
86635d63-8c55-49ba-b99b-917c228ce5cb,13.21,Ocasional,1,50.0,1,1,62,1,2.84,30.16,11.11,12.66
f7fc692f-b947-46aa-9c52-26147dd925da,13.21,Ocasional,1,50.0,1,1,62,1,2.84,30.16,11.11,12.66
90112336-3424-4a68-90ff-395f4cc01b57,13.21,Ocasional,1,50.0,1,1,62,1,2.84,30.16,11.11,12.66
9b2e90f3-08fe-4ea3-9f0c-e0e7ac289673,13.21,Ocasional,1,50.0,1,1,62,1,2.84,30.16,11.11,12.66
4b40d388-b0dd-48c3-be9d-a4024576341a,13.17,Ocasional,1,200.0,1,1,85,1,8.06,30.16,7.69,5.88
00c042ce-0555-43ca-b38f-81c0a43cef9e,13.08,Ocasional,1,100.0,1,1,76,1,6.46,30.16,8.33,7.94
591efe30-fdeb-457f-9c1b-31ccf20474f5,12.93,Ocasional,1,100.0,1,1,80,1,6.46,30.16,8.33,6.95
659e5672-4ef0-4ed4-99af-67fc8a41f770,12.93,Ocasional,1,100.0,1,1,80,1,6.46,30.16,8.33,6.95
9239ebad-e5ff-42c2-96ac-e9b6343d9450,12.83,Ocasional,1,100.0,1,1,83,1,6.46,30.16,8.33,6.29
738c0fab-2696-4734-911a-e33c9c4f3741,12.58,Ocasional,1,100.0,1,1,86,1,6.46,30.16,7.69,5.69
9ba0446d-4050-4121-81b7-03cfd4e32ce1,12.0,Ocasional,1,50.0,1,1,76,1,2.84,30.16,9.09,7.94
211e6886-792d-4efc-bd20-5a501903341c,12.0,Ocasional,1,50.0,1,1,76,1,2.84,30.16,9.09,7.94
d9fc1e43-1eba-4c6e-b008-786e7940a20e,12.0,Ocasional,1,50.0,1,1,76,1,2.84,30.16,9.09,7.94
8f904959-7518-409f-838f-670ab4024002,12.0,Ocasional,1,50.0,1,1,76,1,2.84,30.16,9.09,7.94
da2234fe-ab8a-4427-a87f-24f52d89853a,11.53,Ocasional,1,50.0,1,1,84,1,2.84,30.16,8.33,6.08
626336a5-4881-4e9f-bc12-b29eda1fb5a7,11.43,Ocasional,1,50.0,1,1,82,1,2.84,30.16,7.69,6.5
2feb0f71-b44b-4bec-8a28-f96564be3a36,11.34,Ocasional,1,50.0,1,1,85,1,2.84,30.16,7.69,5.88
500e77ca-630e-459a-9d83-cf1ba8fcd87d,11.26,Ocasional,1,50.0,1,1,88,1,2.84,30.16,7.69,5.32
be77a8f2-3eb8-4029-815a-372a1cf65f2d,11.26,Ocasional,1,50.0,1,1,88,1,2.84,30.16,7.69,5.32
65808be4-cd9a-4ea2-bad5-c8fce977ea5e,11.26,Ocasional,1,50.0,1,1,88,1,2.84,30.16,7.69,5.32
8cccc24c-168d-4803-9f9b-b61fd96e8b28,11.26,Ocasional,1,50.0,1,1,88,1,2.84,30.16,7.69,5.32
aa2f057c-2fb1-49be-85e3-8746955e6f45,11.26,Ocasional,1,50.0,1,1,88,1,2.84,30.16,7.69,5.32
a4fba1b1-ddf2-4a43-8778-a753aae7b345,11.26,Ocasional,1,50.0,1,1,88,1,2.84,30.16,7.69,5.32
040578e5-c40a-400f-9d7d-9b83a33492d4,11.26,Ocasional,1,50.0,1,1,88,1,2.84,30.16,7.69,5.32
baf4f81e-9e74-4645-a432-49beaa6be5d0,11.23,Ocasional,1,50.0,1,1,89,1,2.84,30.16,7.69,5.15
